_id,AC No,AC Name,Sl no,Candidate,Party,EVM Votes,Postal Votes,Total Votes,Vote Share
1,1,MEKLIGANJ,1,ADHIKARY PARESH CHANDRA,All India Trinamool Congress,89062,463,89525,40.91
2,1,MEKLIGANJ,2,ILA RANI ROY,Indian National Congress,1276,12,1288,0.59
3,1,MEKLIGANJ,3,KAMAL KUMAR ROY,All India Forward Bloc,2345,41,2386,1.09
4,1,MEKLIGANJ,4,DADHIRAM RAY,Bharatiya Janata Party,118185,924,119109,54.42
5,1,MEKLIGANJ,5,HITEN BARMAN,Socialist Unity Centre Of India (COMMUNIST),1383,9,1392,0.64
6,1,MEKLIGANJ,6,KIRTTIRAM BARMAN,Independent,215,3,218,0.1
7,1,MEKLIGANJ,7,KRISHNA BARMAN,Independent,231,0,231,0.11
8,1,MEKLIGANJ,8,GOLAPI ROY,Independent,426,1,427,0.2
9,1,MEKLIGANJ,9,PURNENDU ROY,Independent,897,3,900,0.41
10,1,MEKLIGANJ,10,MANOJ KUMAR RAY,Independent,276,2,278,0.13
11,1,MEKLIGANJ,11,HIRANMAY DEB SINGHA,Independent,978,1,979,0.45
12,1,MEKLIGANJ,12,NOTA,None of the Above,2112,14,2126,0.97
13,2,MATHABHANGA,1,KSHITENDRA NATH BARMAN,Indian National Congress,1110,8,1118,0.46
14,2,MATHABHANGA,2,KHAGEN CHANDRA BARMAN,Communist Party of India (Marxist),3945,85,4030,1.67
15,2,MATHABHANGA,3,NISHITH PRAMANIK,Bharatiya Janata Party,142057,1283,143340,59.27
16,2,MATHABHANGA,4,MRITUNJOY BISWAS,Bahujan Samaj Party,1096,1,1097,0.45
17,2,MATHABHANGA,5,DR. SABLU BARMAN,All India Trinamool Congress,85735,515,86250,35.66
18,2,MATHABHANGA,6,PREMANANDA BARMAN,Kamatapur People's Party (United),753,2,755,0.31
19,2,MATHABHANGA,7,BIKASH BARMAN,Socialist Unity Centre Of India (COMMUNIST),336,1,337,0.14
20,2,MATHABHANGA,8,SUBODH BARMAN,Amra Bangalee,192,0,192,0.08
21,2,MATHABHANGA,9,KANGSA RAJ BARMAN,Independent,324,1,325,0.13
22,2,MATHABHANGA,10,GOUTAM BARMAN,Independent,287,1,288,0.12
23,2,MATHABHANGA,11,PROVAKAR ROY,Independent,678,6,684,0.28
24,2,MATHABHANGA,12,MIHIR SARKAR,Independent,882,1,883,0.37
25,2,MATHABHANGA,13,DR. HAREKRISHNA SARKAR,Independent,1164,4,1168,0.48
26,2,MATHABHANGA,14,HARADHAN ROY,Independent,464,1,465,0.19
27,2,MATHABHANGA,15,NOTA,None of the Above,899,14,913,0.38
28,3,COOCHBEHAR UTTAR,1,PARTHA PRATIM RAY,All India Trinamool Congress,84168,775,84943,33.42
29,3,COOCHBEHAR UTTAR,2,PARTHA PRATIM ISHOR,Indian National Congress,1912,27,1939,0.76
30,3,COOCHBEHAR UTTAR,3,PRANAY KARJEE,Communist Party of India (Marxist),5182,111,5293,2.08
31,3,COOCHBEHAR UTTAR,4,SUKUMAR RAY,Bharatiya Janata Party,153169,2158,155327,61.11
32,3,COOCHBEHAR UTTAR,5,UPENDRA NATH BASUNIA,Amra Bangalee,871,3,874,0.34
33,3,COOCHBEHAR UTTAR,6,NIRMAL KUMAR ROY,Kamatapur People's Party (United),210,11,221,0.09
34,3,COOCHBEHAR UTTAR,7,SWAPAN KUMAR BARMAN,Socialist Unity Centre Of India (COMMUNIST),379,9,388,0.15
35,3,COOCHBEHAR UTTAR,8,UTTAM BARMAN,Independent,294,13,307,0.12
36,3,COOCHBEHAR UTTAR,9,NARESH CHANDRA ROY,Independent,402,1,403,0.16
37,3,COOCHBEHAR UTTAR,10,PANCHANAN ROY,Independent,955,6,961,0.38
38,3,COOCHBEHAR UTTAR,11,SUKUMAR ROY,Independent,886,9,895,0.35
39,3,COOCHBEHAR UTTAR,12,SUKUMAR ROY,Independent,801,4,805,0.32
40,3,COOCHBEHAR UTTAR,13,NOTA,None of the Above,1796,23,1819,0.72
41,4,COOCHBEHAR DAKSHIN,1,AVIJIT DE BHOWMIK,All India Trinamool Congress,84428,770,85198,41.48
42,4,COOCHBEHAR DAKSHIN,2,KHOKAN MIAH,Indian National Congress,2926,45,2971,1.45
43,4,COOCHBEHAR DAKSHIN,3,NAZMUL ALOM SARKAR,All India Forward Bloc,3025,112,3137,1.53
44,4,COOCHBEHAR DAKSHIN,4,BHASKAR JYOTI DUTTA,Bahujan Samaj Party,555,6,561,0.27
45,4,COOCHBEHAR DAKSHIN,5,RATHINDRA BOSE,Bharatiya Janata Party,106787,1695,108482,52.81
46,4,COOCHBEHAR DAKSHIN,6,BIDHAN BARMA,Kamatapur People's Party (United),465,6,471,0.23
47,4,COOCHBEHAR DAKSHIN,7,SUMAN PANDIT,Socialist Unity Centre Of India (COMMUNIST),395,5,400,0.19
48,4,COOCHBEHAR DAKSHIN,8,HARIDAS MODAK,Amra Bangalee,182,3,185,0.09
49,4,COOCHBEHAR DAKSHIN,9,ANANTA BARMAN,Independent,250,9,259,0.13
50,4,COOCHBEHAR DAKSHIN,10,ABHIJIT DEY,Independent,124,1,125,0.06
51,4,COOCHBEHAR DAKSHIN,11,KOUSHIK BHATTACHARJEE,Independent,243,2,245,0.12
52,4,COOCHBEHAR DAKSHIN,12,RANJIT SARKAR,Independent,502,0,502,0.24
53,4,COOCHBEHAR DAKSHIN,13,RASHIDUL ALAM,Independent,194,2,196,0.1
54,4,COOCHBEHAR DAKSHIN,14,SANTOSH BARMAN,Independent,336,0,336,0.16
55,4,COOCHBEHAR DAKSHIN,15,SURATH KUMAR HOM ROY,Independent,575,0,575,0.28
56,4,COOCHBEHAR DAKSHIN,16,NOTA,None of the Above,1743,27,1770,0.86
57,5,SITALKUCHI,1,NAMADIPTI ROY ADHIKARY,Communist Party of India (Marxist),3931,48,3979,1.42
58,5,SITALKUCHI,2,SHYAMSUNDAR RAY,Bahujan Samaj Party,945,0,945,0.34
59,5,SITALKUCHI,3,SABITRI BARMAN,Bharatiya Janata Party,143605,762,144367,51.59
60,5,SITALKUCHI,4,SUKAMAL BARMAN,Indian National Congress,2511,11,2522,0.9
61,5,SITALKUCHI,5,HARIHAR DAS,All India Trinamool Congress,118605,484,119089,42.56
62,5,SITALKUCHI,6,KAMAL BARMAN,Amra Bangalee,1347,5,1352,0.48
63,5,SITALKUCHI,7,JAGADISH ADHIKARI,Socialist Unity Centre Of India (COMMUNIST),772,1,773,0.28
64,5,SITALKUCHI,8,MANIK CHANDRA BARMAN,Kamatapur People's Party (United),1504,2,1506,0.54
65,5,SITALKUCHI,9,GAJENDRA  BARMAN,Independent,1195,4,1199,0.43
66,5,SITALKUCHI,10,PARESH CHANDRA MANTA,Independent,1683,1,1684,0.6
67,5,SITALKUCHI,11,HAREKRISHNA SARKAR,Independent,749,3,752,0.27
68,5,SITALKUCHI,12,NOTA,None of the Above,1645,9,1654,0.59
69,6,SITAI,1,ARUN KUMAR BARMA,All India Forward Bloc,2076,29,2105,0.79
70,6,SITAI,2,ASHUTOSH BARMA,Bharatiya Janata Party,124735,732,125467,47.29
71,6,SITAI,3,RABIN ROY,Indian National Congress,3239,23,3262,1.23
72,6,SITAI,4,SANGITA ROY,All India Trinamool Congress,127382,806,128188,48.31
73,6,SITAI,5,BINAPANI RAY,Socialist Unity Centre Of India (COMMUNIST),1803,6,1809,0.68
74,6,SITAI,6,MANIK ROY,Aam Janata Unnayan party,1384,0,1384,0.52
75,6,SITAI,7,GOUTAM ROY,Independent,536,3,539,0.2
76,6,SITAI,8,SUNIL CHANDRA MAHANTA,Independent,1240,1,1241,0.47
77,6,SITAI,9,NOTA,None of the Above,1315,9,1324,0.5
78,7,DINHATA,1,AJAY RAY,Bharatiya Janata Party,136795,1460,138255,51.6
79,7,DINHATA,2,UDAYAN GUHA,All India Trinamool Congress,119831,977,120808,45.09
80,7,DINHATA,3,BIKAS MANDAL,All India Forward Bloc,2994,48,3042,1.14
81,7,DINHATA,4,HARIHAR ROY SINGHA,Indian National Congress,1591,17,1608,0.6
82,7,DINHATA,5,AJIJUL HOQUE,Socialist Unity Centre Of India (COMMUNIST),429,3,432,0.16
83,7,DINHATA,6,ANIMESH BARMAN,Independent,293,1,294,0.11
84,7,DINHATA,7,PAMPA RAY BARMAN,Independent,504,2,506,0.19
85,7,DINHATA,8,PRABIR KUMAR ROY SARKAR,Independent,1164,2,1166,0.44
86,7,DINHATA,9,NOTA,None of the Above,1786,28,1814,0.68
87,8,NATABARI,1,AKIK HASSAN,Communist Party of India (Marxist),6503,103,6606,2.84
88,8,NATABARI,2,GIRIJA SHANKAR RAY,Bharatiya Janata Party,125600,1311,126911,54.53
89,8,NATABARI,3,BISWAJIT SARKAR,Indian National Congress,2497,19,2516,1.08
90,8,NATABARI,4,SAILENDRA NATH BARMA,All India Trinamool Congress,91641,657,92298,39.66
91,8,NATABARI,5,ABDUS SALAM,Socialist Unity Centre Of India (COMMUNIST),972,4,976,0.42
92,8,NATABARI,6,MD. SAKOWAT ALI,Aam Janata Unnayan party,429,2,431,0.19
93,8,NATABARI,7,MRINAL KANTI SAHA,Independent,673,4,677,0.29
94,8,NATABARI,8,RAGHUNATH BISWAS,Independent,373,1,374,0.16
95,8,NATABARI,9,SAHIDUL HOSSAIN,Independent,807,7,814,0.35
96,8,NATABARI,10,NOTA,None of the Above,1100,13,1113,0.48
97,9,TUFANGANJ,1,DEBENDRANATH BARMA,Indian National Congress,1645,13,1658,0.72
98,9,TUFANGANJ,2,DHANANJOY RAVA,Communist Party of India (Marxist),4772,91,4863,2.11
99,9,TUFANGANJ,3,MALATI RAVA ROY,Bharatiya Janata Party,121146,1379,122525,53.08
100,9,TUFANGANJ,4,SHIBSANKAR PAUL,All India Trinamool Congress,95434,634,96068,41.62
101,9,TUFANGANJ,5,KABIR HOSSAIN,Aam Janata Unnayan party,967,3,970,0.42
102,9,TUFANGANJ,6,BHOLA SAHA,Socialist Unity Centre Of India (COMMUNIST),400,0,400,0.17
103,9,TUFANGANJ,7,MAHESWAR GAYEN,Kamatapur People's Party (United),492,5,497,0.22
104,9,TUFANGANJ,8,PRAFULLA PRODHAN,Independent,821,1,822,0.36
105,9,TUFANGANJ,9,PRAMATH SARKAR,Independent,629,2,631,0.27
106,9,TUFANGANJ,10,BIBHAS DAKUA,Independent,970,4,974,0.42
107,9,TUFANGANJ,11,NOTA,None of the Above,1404,17,1421,0.62
108,10,KUMARGRAM,1,MANOJ KUMAR ORAON,Bharatiya Janata Party,141540,1504,143044,57.95
109,10,KUMARGRAM,2,RAJEEV TIRKEY,All India Trinamool Congress,89521,646,90167,36.53
110,10,KUMARGRAM,3,SUDHAM LAMA,Indian National Congress,2229,32,2261,0.92
111,10,KUMARGRAM,4,UNILISH MOCHARI,Aam Janata Unnayan party,449,12,461,0.19
112,10,KUMARGRAM,5,KISHOR MINJ,Revolutionary Socialist Party,4047,64,4111,1.67
113,10,KUMARGRAM,6,RAM ORAON,Socialist Unity Centre Of India (COMMUNIST),278,1,279,0.11
114,10,KUMARGRAM,7,SUSHIL MINZ,Gana Suraksha Party,242,3,245,0.1
115,10,KUMARGRAM,8,AMIT CHOMPRAMARI,Independent,241,7,248,0.1
116,10,KUMARGRAM,9,ABKARI KUJUR,Independent,418,5,423,0.17
117,10,KUMARGRAM,10,PAULUS TUDU,Independent,870,3,873,0.35
118,10,KUMARGRAM,11,BIKASH ORAON,Independent,1791,0,1791,0.73
119,10,KUMARGRAM,12,NOTA,None of the Above,2908,16,2924,1.18
120,11,KALCHINI,1,ANJAN CHIK BARAIK,Indian National Congress,3163,23,3186,1.57
121,11,KALCHINI,2,BIRENDRA BARA (ORAON),All India Trinamool Congress,76418,498,76916,37.96
122,11,KALCHINI,3,BISHAL LAMA,Bharatiya Janata Party,113928,831,114759,56.64
123,11,KALCHINI,4,ARJUN INDWAR,Mulnibasi Party of India,1222,5,1227,0.61
124,11,KALCHINI,5,PASSANG SHERPA,Revolutionary Socialist Party,2380,25,2405,1.19
125,11,KALCHINI,6,NARAYAN LAMA,Independent,1086,6,1092,0.54
126,11,KALCHINI,7,RANAJIT RABHA,Independent,1227,0,1227,0.61
127,11,KALCHINI,8,NOTA,None of the Above,1784,11,1795,0.89
128,12,ALIPURDUARS,1,PARITOSH DAS,Bharatiya Janata Party,141407,1835,143242,61.62
129,12,ALIPURDUARS,2,MRINMOY SARKAR (PAPAN),Indian National Congress,2587,57,2644,1.14
130,12,ALIPURDUARS,3,SHYAMAL ROY,Communist Party of India (Marxist),7117,184,7301,3.14
131,12,ALIPURDUARS,4,SUMAN KANJILAL,All India Trinamool Congress,72246,576,72822,31.33
132,12,ALIPURDUARS,5,ABDUL LATIF CHOUDHURY,Aam Janata Unnayan party,642,5,647,0.28
133,12,ALIPURDUARS,6,PIJUSH KANTI SARMA,Socialist Unity Centre Of India (COMMUNIST),406,2,408,0.18
134,12,ALIPURDUARS,7,MANIK BARMAN,Kamatapur People's Party (United),350,24,374,0.16
135,12,ALIPURDUARS,8,ABINASH DAS,Independent,949,5,954,0.41
136,12,ALIPURDUARS,9,ABHIJIT SAHA,Independent,528,3,531,0.23
137,12,ALIPURDUARS,10,BHUPESH DAS,Independent,914,9,923,0.4
138,12,ALIPURDUARS,11,NOTA,None of the Above,2587,33,2620,1.13
139,13,FALAKATA,1,AKSHOY KUMAR BARMAN,Indian National Congress,1845,10,1855,0.79
140,13,FALAKATA,2,KAMAL KISHOR ROY,Communist Party of India (Marxist),6036,97,6133,2.6
141,13,FALAKATA,3,DIPAK BARMAN,Bharatiya Janata Party,133209,1161,134370,56.95
142,13,FALAKATA,4,SUBHASH CHANDRA ROY,All India Trinamool Congress,87817,554,88371,37.45
143,13,FALAKATA,5,UKIL CHANDRA BHUIMALI,Socialist Unity Centre Of India (COMMUNIST),1111,7,1118,0.47
144,13,FALAKATA,6,DIPANKAR BARMAN,Kamatapur People's Party (United),1033,14,1047,0.44
145,13,FALAKATA,7,TARUN BARMAN,Independent,1028,5,1033,0.44
146,13,FALAKATA,8,DILIP BARMAN,Independent,593,1,594,0.25
147,13,FALAKATA,9,NOTA,None of the Above,1425,7,1432,0.61
148,14,MADARIHAT,1,ISHAK RABHA,Bahujan Samaj Party,1402,4,1406,0.8
149,14,MADARIHAT,2,JAYPRAKASH TOPPO,All India Trinamool Congress,61255,323,61578,34.84
150,14,MADARIHAT,3,JOY PRAFFUL LAKRA,Indian National Congress,3000,29,3029,1.71
151,14,MADARIHAT,4,LAXUMAN LIMBU,Bharatiya Janata Party,101864,624,102488,57.98
152,14,MADARIHAT,5,BABITA BARA TIRKEY,Gana Suraksha Party,886,2,888,0.5
153,14,MADARIHAT,6,SUDHIST BARAIK,Socialist Unity Centre Of India (COMMUNIST),488,3,491,0.28
154,14,MADARIHAT,7,SUBHASH LOHAR,Revolutionary Socialist Party,3091,38,3129,1.77
155,14,MADARIHAT,8,HAREN RABHA,Mulnibasi Party of India,637,1,638,0.36
156,14,MADARIHAT,9,SARADIP NARJEENARY,Independent,1223,3,1226,0.69
157,14,MADARIHAT,10,NOTA,None of the Above,1873,7,1880,1.06
158,15,DHUPGURI,1,JIBAN MITRA,Bahujan Samaj Party,890,3,893,0.36
159,15,DHUPGURI,2,NARESH ROY,Bharatiya Janata Party,133692,1106,134798,54.25
160,15,DHUPGURI,3,NIRANJAN ROY,Communist Party of India (Marxist),7524,101,7625,3.07
161,15,DHUPGURI,4,NIRMAL CHANDRA ROY,All India Trinamool Congress,95612,636,96248,38.73
162,15,DHUPGURI,5,HARISH CHANDRA ROY,Indian National Congress,1451,16,1467,0.59
163,15,DHUPGURI,6,ADYANATH ROY,Kamatapur People's Party (United),279,6,285,0.11
164,15,DHUPGURI,7,JAYANTI ROY ORAON,Gana Suraksha Party,177,0,177,0.07
165,15,DHUPGURI,8,PRIYA ROY,Socialist Unity Centre Of India (COMMUNIST),284,3,287,0.12
166,15,DHUPGURI,9,ALOK ROY,Independent,157,1,158,0.06
167,15,DHUPGURI,10,KALYAN ROY,Independent,405,10,415,0.17
168,15,DHUPGURI,11,GANESH MAHATO,Independent,1084,2,1086,0.44
169,15,DHUPGURI,12,TAPAS CHANDRA SARKAR,Independent,1542,6,1548,0.62
170,15,DHUPGURI,13,MALAY SIDDHA,Independent,856,2,858,0.35
171,15,DHUPGURI,14,HRISHIKESH ADHIKARI,Independent,1492,0,1492,0.6
172,15,DHUPGURI,15,NOTA,None of the Above,1149,10,1159,0.47
173,16,MAYNAGURI,1,DALIM CHANDRA ROY,Bharatiya Janata Party,146047,1356,147403,58.62
174,16,MAYNAGURI,2,PRIYANKA SARKAR,Bahujan Samaj Party,898,5,903,0.36
175,16,MAYNAGURI,3,JOGEN SARKAR,Indian National Congress,946,13,959,0.38
176,16,MAYNAGURI,4,RAMMOHAN RAY,All India Trinamool Congress,90202,698,90900,36.15
177,16,MAYNAGURI,5,ADHIR CHANDRA BARMAN,Mulnibasi Party of India,741,5,746,0.3
178,16,MAYNAGURI,6,DIPAK ROY,Kamatapur People's Party (United),654,20,674,0.27
179,16,MAYNAGURI,7,SHYAMAL RAY,Socialist Unity Centre Of India (COMMUNIST),290,9,299,0.12
180,16,MAYNAGURI,8,SUDEB RAY,Revolutionary Socialist Party,2743,50,2793,1.11
181,16,MAYNAGURI,9,SUPARNA SARKAR,Amra Bangalee,249,10,259,0.1
182,16,MAYNAGURI,10,TAPATI ROY MALLICK,Independent,292,12,304,0.12
183,16,MAYNAGURI,11,BISHNU DAS,Independent,611,1,612,0.24
184,16,MAYNAGURI,12,RATNA ROY,Independent,1823,6,1829,0.73
185,16,MAYNAGURI,13,RAMCHANDRA ROY,Independent,692,3,695,0.28
186,16,MAYNAGURI,14,SUJAN MANDAL,Independent,938,3,941,0.37
187,16,MAYNAGURI,15,NOTA,None of the Above,2116,14,2130,0.85
188,17,JALPAIGURI,1,ANANTA DEB ADHIKARY,Bharatiya Janata Party,140474,2513,142987,60.11
189,17,JALPAIGURI,2,KRISHNA DAS,All India Trinamool Congress,73298,884,74182,31.19
190,17,JALPAIGURI,3,DEBRAJ BARMAN,Communist Party of India (Marxist),10975,349,11324,4.76
191,17,JALPAIGURI,4,BEDODYUTI ROY,Bahujan Samaj Party,381,4,385,0.16
192,17,JALPAIGURI,5,SUDIPTA MOHANTA,Indian National Congress,2555,62,2617,1.1
193,17,JALPAIGURI,6,ISWAR BARAI,Amra Bangalee,124,1,125,0.05
194,17,JALPAIGURI,7,BILASH SARKAR,Guruchand Sena Dal,160,3,163,0.07
195,17,JALPAIGURI,8,MANABENDRA ROY,Kamatapur People's Party (United),178,5,183,0.08
196,17,JALPAIGURI,9,JASHODA BARMAN,Socialist Unity Centre Of India (COMMUNIST),503,8,511,0.21
197,17,JALPAIGURI,10,AMBALIKA ROY,Independent,339,3,342,0.14
198,17,JALPAIGURI,11,UJJAL SARKAR,Independent,170,2,172,0.07
199,17,JALPAIGURI,12,TUMPA DAS,Independent,229,1,230,0.1
200,17,JALPAIGURI,13,DEBENDRANATH ROY,Independent,702,3,705,0.3
201,17,JALPAIGURI,14,SUJIT MANDAL,Independent,1321,1,1322,0.56
202,17,JALPAIGURI,15,NOTA,None of the Above,2577,31,2608,1.1
203,18,RAJGANJ,1,KHARENDRA NATH ROY,Communist Party of India (Marxist),6299,72,6371,2.84
204,18,RAJGANJ,2,TUSHAR KANTI ROY,Indian National Congress,1452,8,1460,0.65
205,18,RAJGANJ,3,DINESH SARKAR,Bharatiya Janata Party,113791,866,114657,51.1
206,18,RAJGANJ,4,RADHU MANDAL,Bahujan Samaj Party,1229,3,1232,0.55
207,18,RAJGANJ,5,SWAPNA BARMAN,All India Trinamool Congress,92643,537,93180,41.53
208,18,RAJGANJ,6,ANANTA KUMAR ROY,Socialist Unity Centre Of India (COMMUNIST),1053,1,1054,0.47
209,18,RAJGANJ,7,JAGADISH CHANDRA ROY,Kamatapur People's Party (United),300,7,307,0.14
210,18,RAJGANJ,8,HARENDRANATH ROY,Amra Bangalee,306,2,308,0.14
211,18,RAJGANJ,9,KUNAL ROY,Independent,338,0,338,0.15
212,18,RAJGANJ,10,PRAKASH CHANDRA ROY,Independent,990,9,999,0.45
213,18,RAJGANJ,11,BAPI ROY,Independent,625,0,625,0.28
214,18,RAJGANJ,12,SANJIB ROY,Independent,1588,6,1594,0.71
215,18,RAJGANJ,13,SWAPNA BARMAN,Independent,927,5,932,0.42
216,18,RAJGANJ,14,NOTA,None of the Above,1311,11,1322,0.59
217,19,DABGRAM-FULBARI,1,DILIP SINGH,Communist Party of India (Marxist),7592,103,7695,3.05
218,19,DABGRAM-FULBARI,2,BIRAJ SARKAR,Bahujan Samaj Party,566,6,572,0.23
219,19,DABGRAM-FULBARI,3,RANJAN SIL SHARMA,All India Trinamool Congress,68168,417,68585,27.23
220,19,DABGRAM-FULBARI,4,ROHIT SING (GUDDU),Indian National Congress,2282,29,2311,0.92
221,19,DABGRAM-FULBARI,5,SIKHA CHATTERJEE,Bharatiya Janata Party,165182,1118,166300,66.02
222,19,DABGRAM-FULBARI,6,UTTAM DAS,North Bengal People's Party,631,1,632,0.25
223,19,DABGRAM-FULBARI,7,MOUSUMI AICH,Amra Bangalee,316,3,319,0.13
224,19,DABGRAM-FULBARI,8,RENUKA ROY,Socialist Unity Centre Of India (COMMUNIST),325,6,331,0.13
225,19,DABGRAM-FULBARI,9,ALOK SEN,Independent,325,3,328,0.13
226,19,DABGRAM-FULBARI,10,ASTAMI ROY,Independent,868,13,881,0.35
227,19,DABGRAM-FULBARI,11,KRISHNADEV ADHIKARY,Independent,543,3,546,0.22
228,19,DABGRAM-FULBARI,12,DIPALI ADITYA,Independent,576,2,578,0.23
229,19,DABGRAM-FULBARI,13,DHANABALA ROY,Independent,1124,4,1128,0.45
230,19,DABGRAM-FULBARI,14,RAMESH BARMAN,Independent,562,0,562,0.22
231,19,DABGRAM-FULBARI,15,NOTA,None of the Above,1102,19,1121,0.45
232,20,MAL,1,BULU CHIK BARAIK,All India Trinamool Congress,96302,301,96603,43.04
233,20,MAL,2,MANU ORAON,Communist Party of India (Marxist),5780,51,5831,2.6
234,20,MAL,3,RAKESH KUJUR,Indian National Congress,2858,28,2886,1.29
235,20,MAL,4,SUKRA MUNDA,Bharatiya Janata Party,111648,447,112095,49.94
236,20,MAL,5,SHIBNATH ORAON,Socialist Unity Centre Of India (COMMUNIST),1107,4,1111,0.49
237,20,MAL,6,CHANDAN LOHARA,Independent,1479,11,1490,0.66
238,20,MAL,7,DIPIKA SABAR,Independent,593,7,600,0.27
239,20,MAL,8,MANJU KERKETTA (BARAIK),Independent,818,0,818,0.36
240,20,MAL,9,NOTA,None of the Above,3012,7,3019,1.35
241,21,NAGRAKATA,1,DIL KUMAR ORAON,Communist Party of India (Marxist),9674,34,9708,4.76
242,21,NAGRAKATA,2,PUNA BHENGRA,Bharatiya Janata Party,103011,467,103478,50.73
243,21,NAGRAKATA,3,SANJAY KUJUR,All India Trinamool Congress,77388,232,77620,38.06
244,21,NAGRAKATA,4,SINU MUNDA,Indian National Congress,4546,21,4567,2.24
245,21,NAGRAKATA,5,KAHARU ORAON,Socialist Unity Centre Of India (COMMUNIST),619,2,621,0.3
246,21,NAGRAKATA,6,PINGAL MINJ,Gana Suraksha Party,762,1,763,0.37
247,21,NAGRAKATA,7,SIBDAS BASKEY,Aam Janata Unnayan party,2142,0,2142,1.05
248,21,NAGRAKATA,8,HEMANT KUJUR,Independent,2156,21,2177,1.07
249,21,NAGRAKATA,9,NOTA,None of the Above,2880,7,2887,1.42
250,22,KALIMPONG,1,BHARAT KUMAR CHETRI,Bharatiya Janata Party,83154,1136,84290,49.74
251,22,KALIMPONG,2,RITA THAPA,Communist Party of India (Marxist),887,24,911,0.54
252,22,KALIMPONG,3,SANTA KUMAR PRADHAN,Indian National Congress,1756,53,1809,1.07
253,22,KALIMPONG,4,RUDEN SADA LEPCHA,Bharatiya Gorkha Prajatantrik Morcha,62220,606,62826,37.07
254,22,KALIMPONG,5,SISIR KUMAR SHARMA,Akhil Bharatiya Gorkha League,1948,13,1961,1.16
255,22,KALIMPONG,6,ALDRIN LEPCHA,Independent,1350,39,1389,0.82
256,22,KALIMPONG,7,BHERNONE BRITTO LEPCHA,Independent,14068,163,14231,8.4
257,22,KALIMPONG,8,NOTA,None of the Above,2046,14,2060,1.22
258,23,DARJEELING,1,NOMAN RAI,Bharatiya Janata Party,60733,1343,62076,35.72
259,23,DARJEELING,2,MADHAP RAI,Indian National Congress,1649,80,1729,0.99
260,23,DARJEELING,3,BIJOY KUMAR RAI,Bharatiya Gorkha Prajatantrik Morcha,55440,579,56019,32.23
261,23,DARJEELING,4,MILAN THOKAR,Rastriya Aam Jan Seva Party,1352,19,1371,0.79
262,23,DARJEELING,5,AJOY LUCAS EDWARDS,Independent,47824,811,48635,27.98
263,23,DARJEELING,6,JATIN GHALAY,Independent,1911,26,1937,1.11
264,23,DARJEELING,7,NOTA,None of the Above,1992,48,2040,1.17
265,24,KURSEONG,1,UTTAM BRAHMAN,Communist Party of India (Marxist),1678,12,1690,0.93
266,24,KURSEONG,2,SAROJ KUMAR KHATTRI,Indian National Congress,1603,48,1651,0.91
267,24,KURSEONG,3,SONAM LAMA,Bharatiya Janata Party,73838,1040,74878,41.18
268,24,KURSEONG,4,AMAR LAMA,Bharatiya Gorkha Prajatantrik Morcha,57426,445,57871,31.83
269,24,KURSEONG,5,BANDANA RAI,Independent,40591,497,41088,22.6
270,24,KURSEONG,6,MOHAN SHARMA,Independent,1391,8,1399,0.77
271,24,KURSEONG,7,SUMENDRA TAMANG,Independent,1466,22,1488,0.82
272,24,KURSEONG,8,NOTA,None of the Above,1755,13,1768,0.97
273,25,MATIGARA-NAXALBARI,1,AMITAVA SARKAR,Indian National Congress,5426,72,5498,2.19
274,25,MATIGARA-NAXALBARI,2,ANANDAMAY BARMAN,Bharatiya Janata Party,165450,1455,166905,66.5
275,25,MATIGARA-NAXALBARI,3,JHAREN ROY,Communist Party of India (Marxist),8482,103,8585,3.42
276,25,MATIGARA-NAXALBARI,4,SHANKAR MALAKAR,All India Trinamool Congress,62223,417,62640,24.96
277,25,MATIGARA-NAXALBARI,5,LAXMI  DAS,Socialist Unity Centre Of India (COMMUNIST),975,8,983,0.39
278,25,MATIGARA-NAXALBARI,6,KRISHNA PADA SINHA,Independent,510,4,514,0.2
279,25,MATIGARA-NAXALBARI,7,NIMESH SUNDAS,Independent,1538,21,1559,0.62
280,25,MATIGARA-NAXALBARI,8,PAPPU ROY,Independent,1498,12,1510,0.6
281,25,MATIGARA-NAXALBARI,9,BIKASH MANDAL,Independent,977,3,980,0.39
282,25,MATIGARA-NAXALBARI,10,NOTA,None of the Above,1788,23,1811,0.72
283,26,SILIGURI,1,ALOK DHARA,Indian National Congress,2257,18,2275,1.24
284,26,SILIGURI,2,GOUTAM DEB,All India Trinamool Congress,47194,374,47568,25.91
285,26,SILIGURI,3,PRIYANKA BOSE,Bahujan Samaj Party,556,5,561,0.31
286,26,SILIGURI,4,SHANKAR GHOSH,Bharatiya Janata Party,119752,1008,120760,65.78
287,26,SILIGURI,5,SARADINDU CHAKRABORTY (JOY),Communist Party of India (Marxist),9015,153,9168,4.99
288,26,SILIGURI,6,MAMATA DAS,Amra Bangalee,250,1,251,0.14
289,26,SILIGURI,7,DR. SHAHRIAR ALAM,Socialist Unity Centre Of India (COMMUNIST),242,3,245,0.13
290,26,SILIGURI,8,KRISHNA NAND SINGH,Independent,266,5,271,0.15
291,26,SILIGURI,9,TARUN TALAPATRA,Independent,563,4,567,0.31
292,26,SILIGURI,10,SUNIL PANDIT,Independent,225,1,226,0.12
293,26,SILIGURI,11,SURAJ BISHWAKARMA,Independent,455,2,457,0.25
294,26,SILIGURI,12,NOTA,None of the Above,1195,29,1224,0.67
295,27,PHANSIDEWA,1,DURGA MURMU,Bharatiya Janata Party,117555,686,118241,56.92
296,27,PHANSIDEWA,2,NAVANEETA TIRKEY,Indian National Congress,4912,36,4948,2.38
297,27,PHANSIDEWA,3,REENA TOPNO EKKA,All India Trinamool Congress,72619,359,72978,35.13
298,27,PHANSIDEWA,4,RENUKA MARDI,Aam Janata Unnayan party,1086,4,1090,0.52
299,27,PHANSIDEWA,5,SUNITA MURMU,Socialist Unity Centre Of India (COMMUNIST),780,1,781,0.38
300,27,PHANSIDEWA,6,SUMANTI EKKA,Communist Party of India (Marxist-Leninist) (Liberation),2217,12,2229,1.07
301,27,PHANSIDEWA,7,AMIT KUMAR LAKRA,Independent,3489,14,3503,1.69
302,27,PHANSIDEWA,8,BAISHAKHI RAVA ROY,Independent,1752,17,1769,0.85
303,27,PHANSIDEWA,9,NOTA,None of the Above,2190,3,2193,1.06
304,28,CHOPRA,1,ZAKIR ABEDIN,Indian National Congress,25530,35,25565,12.11
305,28,CHOPRA,2,MAKLESWAR RAHAMAN,Communist Party of India (Marxist),5797,19,5816,2.75
306,28,CHOPRA,3,SANKAR ADHIKARI,Bharatiya Janata Party,51630,232,51862,24.56
307,28,CHOPRA,4,HAMIDUL RAHAMAN,All India Trinamool Congress,120658,328,120986,57.3
308,28,CHOPRA,5,AJOY KUMAR SINHA,Amra Bangalee,1488,4,1492,0.71
309,28,CHOPRA,6,MD NAZIM SARIF,Aam Janata Unnayan party,2365,1,2366,1.12
310,28,CHOPRA,7,MD NASIRUDDIN,Independent,1249,1,1250,0.59
311,28,CHOPRA,8,MD PARBEEZ ALAM,Independent,601,0,601,0.28
312,28,CHOPRA,9,NOTA,None of the Above,1219,6,1225,0.58
313,29,ISLAMPUR,1,AGARWAL KANAIA LAL,All India Trinamool Congress,107744,373,108117,58.14
314,29,ISLAMPUR,2,GUDDY RIAZ,Indian National Congress,1386,5,1391,0.75
315,29,ISLAMPUR,3,CHITRAJIT ROY,Bharatiya Janata Party,67351,703,68054,36.6
316,29,ISLAMPUR,4,MD. SAMI KHAN,Communist Party of India (Marxist),4208,29,4237,2.28
317,29,ISLAMPUR,5,RUPA SARKAR,Bahujan Samaj Party,263,1,264,0.14
318,29,ISLAMPUR,6,BIRENDRA NATH SINHA,Socialist Unity Centre Of India (COMMUNIST),163,0,163,0.09
319,29,ISLAMPUR,7,MD. ZIAUL HAQUE CHOWDHURY,Aam Janata Unnayan party,143,0,143,0.08
320,29,ISLAMPUR,8,KAMAL MAJUMDAR,Independent,99,0,99,0.05
321,29,ISLAMPUR,9,NEYAZ IMAM,Independent,111,0,111,0.06
322,29,ISLAMPUR,10,MD. TOUSIQUE REZA,Independent,240,0,240,0.13
323,29,ISLAMPUR,11,MD HASHIBUR RAHAMAN,Independent,753,1,754,0.41
324,29,ISLAMPUR,12,SOURAV SARKAR,Independent,368,0,368,0.2
325,29,ISLAMPUR,13,NOTA,None of the Above,2017,3,2020,1.09
326,30,GOALPOKHAR,1,ZAMALUDDIN,All India Forward Bloc,676,3,679,0.37
327,30,GOALPOKHAR,2,MASOOD MD. NASEEM AHSEN,Indian National Congress,2959,7,2966,1.62
328,30,GOALPOKHAR,3,MD GHULAM RABBANI,All India Trinamool Congress,121895,210,122105,66.66
329,30,GOALPOKHAR,4,SARAJIT BISWAS,Bharatiya Janata Party,38215,100,38315,20.92
330,30,GOALPOKHAR,5,SUNIL BISWAS,Bahujan Samaj Party,708,0,708,0.39
331,30,GOALPOKHAR,6,TOWHID AHMED KHAN,Aam Janata Unnayan party,286,1,287,0.16
332,30,GOALPOKHAR,7,NABIN  CHANDRA SINGHA,Socialist Unity Centre Of India (COMMUNIST),220,3,223,0.12
333,30,GOALPOKHAR,8,MD. NAZIR AKHTAR,All India Majlis-E-Inquilab-E-Millat,545,0,545,0.3
334,30,GOALPOKHAR,9,SHAMBHU LAL ROY,Swaraj India,1471,0,1471,0.8
335,30,GOALPOKHAR,10,MD. GHULAM SARWAR,Independent,14490,5,14495,7.91
336,30,GOALPOKHAR,11,RAGHU NATH SINGHA,Independent,448,0,448,0.24
337,30,GOALPOKHAR,12,NOTA,None of the Above,933,1,934,0.51
338,31,CHAKULIA,1,AZAD MINHAJUL ARFIN,All India Trinamool Congress,90014,263,90277,45.34
339,31,CHAKULIA,2,ALI IMRAN RAMZ,Indian National Congress,40272,74,40346,20.26
340,31,CHAKULIA,3,GOUTAM PAUL,Bahujan Samaj Party,825,1,826,0.41
341,31,CHAKULIA,4,MANOJ KUMAR JAIN,Bharatiya Janata Party,61937,329,62266,31.27
342,31,CHAKULIA,5,MOHAFEJUL ISLAM,All India Forward Bloc,837,5,842,0.42
343,31,CHAKULIA,6,ABAI DULLAH,Socialist Unity Centre Of India (COMMUNIST),154,1,155,0.08
344,31,CHAKULIA,7,MD FEROZ AKHTAR,Aam Janata Unnayan party,142,0,142,0.07
345,31,CHAKULIA,8,SUKHEN KUMAR SINGHA,North Bengal People's Party,135,0,135,0.07
346,31,CHAKULIA,9,ABUL KASHIM,Independent,97,0,97,0.05
347,31,CHAKULIA,10,MD ASLAM,Independent,176,1,177,0.09
348,31,CHAKULIA,11,MD TAUQUIR RAZA,Independent,400,1,401,0.2
349,31,CHAKULIA,12,MD MOSA,Independent,482,1,483,0.24
350,31,CHAKULIA,13,MD SAIFUDDIN,Independent,337,0,337,0.17
351,31,CHAKULIA,14,MD. YAMIN AKHTAR,Independent,916,1,917,0.46
352,31,CHAKULIA,15,NOTA,None of the Above,1723,1,1724,0.87
353,32,KARANDIGHI,1,GOUTAM PAUL,All India Trinamool Congress,76107,284,76391,34.73
354,32,KARANDIGHI,2,NIROD BANDHU BISWAS,Bahujan Samaj Party,761,3,764,0.35
355,32,KARANDIGHI,3,BIRAJ BISWAS,Bharatiya Janata Party,95813,447,96260,43.76
356,32,KARANDIGHI,4,MD. SAHABUDDIN,Communist Party of India (Marxist),39308,106,39414,17.92
357,32,KARANDIGHI,5,MURSID ALAM,Indian National Congress,1594,5,1599,0.73
358,32,KARANDIGHI,6,SUSHANTA KUMAR SINHA,Socialist Unity Centre Of India (COMMUNIST),154,1,155,0.07
359,32,KARANDIGHI,7,ANANDA SINGHA,Independent,204,2,206,0.09
360,32,KARANDIGHI,8,GAUTAM PAL,Independent,160,0,160,0.07
361,32,KARANDIGHI,9,BAHAMONI HANSDA,Independent,130,1,131,0.06
362,32,KARANDIGHI,10,BIRAJ BISWAS,Independent,530,2,532,0.24
363,32,KARANDIGHI,11,MD. SAHABUDDIN,Independent,366,3,369,0.17
364,32,KARANDIGHI,12,MD. FARUQUE  HOSSAIN,Independent,228,0,228,0.1
365,32,KARANDIGHI,13,RAMESH  CHANDRA SINHA,Independent,711,0,711,0.32
366,32,KARANDIGHI,14,SK. MOHAMMAD ALAM,Independent,1042,0,1042,0.47
367,32,KARANDIGHI,15,HASIB REJA,Independent,364,0,364,0.17
368,32,KARANDIGHI,16,NOTA,None of the Above,1644,3,1647,0.75
369,33,HEMTABAD,1,ANAMIKA ROY,Indian National Congress,9526,61,9587,4.01
370,33,HEMTABAD,2,ALAKESH BARMAN,Bahujan Samaj Party,511,4,515,0.22
371,33,HEMTABAD,3,TANUSHREE DAS,Communist Party of India (Marxist),4958,59,5017,2.1
372,33,HEMTABAD,4,SATYAJIT BARMAN,All India Trinamool Congress,102475,693,103168,43.1
373,33,HEMTABAD,5,HARIPADA BARMAN,Bharatiya Janata Party,114597,932,115529,48.26
374,33,HEMTABAD,6,DIPANKAR ROY,Aam Janata Unnayan party,658,3,661,0.28
375,33,HEMTABAD,7,PRABODH KUMAR SARKAR,Socialist Unity Centre Of India (COMMUNIST),237,0,237,0.1
376,33,HEMTABAD,8,MANINDRA BARMAN,Amra Bangalee,251,1,252,0.11
377,33,HEMTABAD,9,INDRANIL BISWAS,Independent,303,1,304,0.13
378,33,HEMTABAD,10,DULAL CHANDRA SARKAR,Independent,1190,1,1191,0.5
379,33,HEMTABAD,11,BIKASH MONDAL,Independent,1042,4,1046,0.44
380,33,HEMTABAD,12,HARI BARMAN,Independent,449,3,452,0.19
381,33,HEMTABAD,13,HAREKRISHNA BARMAN,Independent,655,1,656,0.27
382,33,HEMTABAD,14,NOTA,None of the Above,753,4,757,0.32
383,34,KALIAGANJ,1,UTPAL BRAHMACHARO,Bharatiya Janata Party,156919,1430,158349,61.32
384,34,KALIAGANJ,2,GIRIDHARI PRAMANIK,Indian National Congress,4707,40,4747,1.84
385,34,KALIAGANJ,3,NITAI BAISHYA,All India Trinamool Congress,81355,569,81924,31.73
386,34,KALIAGANJ,4,BASUDEB DEBSHARMA,Bahujan Samaj Party,697,1,698,0.27
387,34,KALIAGANJ,5,HIRU ROY SARKAR,Communist Party of India (Marxist),5661,118,5779,2.24
388,34,KALIAGANJ,6,ANJAY DEBSARMA,Aam Janata Unnayan party,184,6,190,0.07
389,34,KALIAGANJ,7,DHULESH SARKAR,Socialist Unity Centre Of India (COMMUNIST),126,1,127,0.05
390,34,KALIAGANJ,8,AJAY CHOUHAN,Independent,112,4,116,0.04
391,34,KALIAGANJ,9,UTTAM BARMAN,Independent,132,1,133,0.05
392,34,KALIAGANJ,10,DHARANIKANTA SARKAR,Independent,703,5,708,0.27
393,34,KALIAGANJ,11,PANNA CHOWHAN,Independent,405,0,405,0.16
394,34,KALIAGANJ,12,MINTU BARMAN,Independent,1293,0,1293,0.5
395,34,KALIAGANJ,13,SANJIB ROY,Independent,762,1,763,0.3
396,34,KALIAGANJ,14,NOTA,None of the Above,2978,15,2993,1.16
397,35,RAIGANJ,1,KRISHNA KALYANI,All India Trinamool Congress,46424,496,46920,28.47
398,35,RAIGANJ,2,KOUSHIK CHOWDHURY,Bharatiya Janata Party,103441,2120,105561,64.05
399,35,RAIGANJ,3,JIBANANDA SINGHA,Communist Party of India (Marxist),3622,165,3787,2.3
400,35,RAIGANJ,4,MANTU KUMAR MANDAL,Bahujan Samaj Party,146,5,151,0.09
401,35,RAIGANJ,5,MOHIT SENGUPTA,Indian National Congress,4297,89,4386,2.66
402,35,RAIGANJ,6,GOUTAM BISWAS,Amra Bangalee,82,1,83,0.05
403,35,RAIGANJ,7,MANJUR ALAM,Aam Janata Unnayan party,72,1,73,0.04
404,35,RAIGANJ,8,MADHABILATA PAUL,Socialist Unity Centre Of India (COMMUNIST),115,1,116,0.07
405,35,RAIGANJ,9,SAPRATIVE CHAKRABORTY,North Bengal People's Party,75,6,81,0.05
406,35,RAIGANJ,10,ANWARUL HOQUE,Independent,45,2,47,0.03
407,35,RAIGANJ,11,DWARIK NATH BARMAN,Independent,139,2,141,0.09
408,35,RAIGANJ,12,FAKIRA MD,Independent,129,0,129,0.08
409,35,RAIGANJ,13,MD. RAFIK ALAM,Independent,302,1,303,0.18
410,35,RAIGANJ,14,SABINAY DAS,Independent,1372,0,1372,0.83
411,35,RAIGANJ,15,NOTA,None of the Above,1633,21,1654,1
412,36,ITAHAR,1,AMAL ACHARJEE,Indian National Congress,27890,155,28045,13.74
413,36,ITAHAR,2,MOSARAF HUSSEN,All India Trinamool Congress,97611,561,98172,48.09
414,36,ITAHAR,3,SABITA BARMAN,Bharatiya Janata Party,69723,571,70294,34.43
415,36,ITAHAR,4,UTPAL DAS,Communist Party of India,2974,41,3015,1.48
416,36,ITAHAR,5,TAPAN KUMAR DAS,Socialist Unity Centre Of India (COMMUNIST),130,1,131,0.06
417,36,ITAHAR,6,FIROJ ALAM,Aam Janata Unnayan party,117,1,118,0.06
418,36,ITAHAR,7,SAIDUR RAHAMAN,Bhumiputra United Party,87,1,88,0.04
419,36,ITAHAR,8,KHITAN BARMAN,Independent,58,1,59,0.03
420,36,ITAHAR,9,TUFAN BARAMAN,Independent,77,1,78,0.04
421,36,ITAHAR,10,DILIP KUMAR BARMAN,Independent,67,1,68,0.03
422,36,ITAHAR,11,MOHASIN ALI,Independent,294,2,296,0.14
423,36,ITAHAR,12,MAHATAB ALI,Independent,154,1,155,0.08
424,36,ITAHAR,13,MOSARAF HOSSAIN,Independent,661,0,661,0.32
425,36,ITAHAR,14,SAHANAWAZ ALI,Independent,991,0,991,0.49
426,36,ITAHAR,15,SWAPAN KUMAR RAY,Independent,1288,1,1289,0.63
427,36,ITAHAR,16,NOTA,None of the Above,692,7,699,0.34
428,37,KUSHMANDI,1,TAPAS CHANDRA ROY,Bharatiya Janata Party,96963,474,97437,48.83
429,37,KUSHMANDI,2,BABLU SARKAR,Indian National Congress,2635,10,2645,1.33
430,37,KUSHMANDI,3,REKHA ROY,All India Trinamool Congress,88086,288,88374,44.29
431,37,KUSHMANDI,4,JYOTIRMOY ROY,Revolutionary Socialist Party,6820,41,6861,3.44
432,37,KUSHMANDI,5,KANSHA ROY,Independent,358,3,361,0.18
433,37,KUSHMANDI,6,NIROD CANDRA ROY,Independent,494,0,494,0.25
434,37,KUSHMANDI,7,PARESH ADHIKARI,Independent,1167,0,1167,0.58
435,37,KUSHMANDI,8,JUGAL BISWAS,Independent,602,1,603,0.3
436,37,KUSHMANDI,9,NOTA,None of the Above,1574,10,1584,0.79
437,38,KUMARGANJ,1,GOLAM MORTUJA MONDAL,Indian National Congress,1395,9,1404,0.81
438,38,KUMARGANJ,2,TORAF HOSSAIN MANDAL,All India Trinamool Congress,82478,313,82791,47.62
439,38,KUMARGANJ,3,BIPUL TUDU,Bahujan Samaj Party,915,1,916,0.53
440,38,KUMARGANJ,4,MOFAZZAL HOSSAIN,Communist Party of India (Marxist),10085,64,10149,5.84
441,38,KUMARGANJ,5,SUBHENDU SARKAR,Bharatiya Janata Party,75579,527,76106,43.77
442,38,KUMARGANJ,6,RANJIT DEV,Socialist Unity Centre Of India (COMMUNIST),722,2,724,0.42
443,38,KUMARGANJ,7,CHARLESH KISKU,Independent,449,2,451,0.26
444,38,KUMARGANJ,8,RUHUL AMIN HAQUE,Independent,539,0,539,0.31
445,38,KUMARGANJ,9,NOTA,None of the Above,782,7,789,0.45
446,39,BALURGHAT,1,ARPITA GHOSH,All India Trinamool Congress,47581,540,48121,30.4
447,39,BALURGHAT,2,PRADIP KUMAR MITRA,Indian National Congress,1620,28,1648,1.04
448,39,BALURGHAT,3,BIDYUT KUMAR ROY,Bharatiya Janata Party,93950,1747,95697,60.45
449,39,BALURGHAT,4,JOGESH CHANDRA MURMU,Bahujan Samaj Party,626,3,629,0.4
450,39,BALURGHAT,5,ARNAB CHOWDHURY,Revolutionary Socialist Party,8398,195,8593,5.43
451,39,BALURGHAT,6,NAMITA MAHANTA (POLI),Socialist Unity Centre Of India (COMMUNIST),290,9,299,0.19
452,39,BALURGHAT,7,NAROTTAM SAHA,Amra Bangalee,111,1,112,0.07
453,39,BALURGHAT,8,MASUMA KHATUN,Aam Janata Unnayan party,120,2,122,0.08
454,39,BALURGHAT,9,DIPANKAR BARMAN,Independent,189,5,194,0.12
455,39,BALURGHAT,10,DULAL BARMAN,Independent,174,1,175,0.11
456,39,BALURGHAT,11,PRADYUT KUMAR SAHA,Independent,285,5,290,0.18
457,39,BALURGHAT,12,MITHUN BARMAN,Independent,510,2,512,0.32
458,39,BALURGHAT,13,SUSHIL MARDI,Independent,458,2,460,0.29
459,39,BALURGHAT,14,NOTA,None of the Above,1420,24,1444,0.91
460,40,TAPAN,1,CHINTAMANI BIHA,All India Trinamool Congress,68427,366,68793,36.85
461,40,TAPAN,2,JYOTI KUJUR,Bahujan Samaj Party,920,2,922,0.49
462,40,TAPAN,3,BANKIM CHANDRA TOPPO,Indian National Congress,1601,15,1616,0.87
463,40,TAPAN,4,BUDHRAI TUDU,Bharatiya Janata Party,104931,849,105780,56.66
464,40,TAPAN,5,BAPPAI HORO,Revolutionary Socialist Party,5855,85,5940,3.18
465,40,TAPAN,6,BIKASH NONA,Socialist Unity Centre Of India (COMMUNIST),334,2,336,0.18
466,40,TAPAN,7,MANUEL HANSADA,Aam Janata Unnayan party,264,1,265,0.14
467,40,TAPAN,8,AVIJIT BASKEY,Independent,398,2,400,0.21
468,40,TAPAN,9,ARJUN MARDI,Independent,453,0,453,0.24
469,40,TAPAN,10,BRIJESH HEMBRAM,Independent,325,3,328,0.18
470,40,TAPAN,11,SUKANTA KISKU,Independent,424,4,428,0.23
471,40,TAPAN,12,NOTA,None of the Above,1426,15,1441,0.77
472,41,GANGARAMPUR,1,Goutam Das,All India Trinamool Congress,76260,484,76744,39.8
473,41,GANGARAMPUR,2,JUI BARMAN,Indian National Congress,1561,9,1570,0.81
474,41,GANGARAMPUR,3,BIPLAB BARMAN,Communist Party of India (Marxist),5868,123,5991,3.11
475,41,GANGARAMPUR,4,JATINDRA NATH BARMAN,Bahujan Samaj Party,606,5,611,0.32
476,41,GANGARAMPUR,5,SATYENDRA NATH ROY,Bharatiya Janata Party,104013,1070,105083,54.5
477,41,GANGARAMPUR,6,AMRITA BARMAN,Socialist Unity Centre Of India (COMMUNIST),526,4,530,0.27
478,41,GANGARAMPUR,7,TARUN RAY,Independent,286,1,287,0.15
479,41,GANGARAMPUR,8,SADHAN BISWAS,Independent,567,2,569,0.3
480,41,GANGARAMPUR,9,NOTA,None of the Above,1427,11,1438,0.75
481,42,HARIRAMPUR,1,GAUTAM GOSWAMI,Communist Party of India (Marxist),6184,70,6254,3.06
482,42,HARIRAMPUR,2,DEBABRATA MAJUMDER,Bharatiya Janata Party,90481,631,91112,44.65
483,42,HARIRAMPUR,3,BIPLAB MITRA,All India Trinamool Congress,92622,476,93098,45.62
484,42,HARIRAMPUR,4,SUBHASISH PAL (SONA),Indian National Congress,8434,28,8462,4.15
485,42,HARIRAMPUR,5,AHIDUR RAHAMAN,Aam Janata Unnayan party,428,2,430,0.21
486,42,HARIRAMPUR,6,PRADEEP HANSDA,Ambedkarite Party of India,754,3,757,0.37
487,42,HARIRAMPUR,7,LALIT ORAWN,Socialist Unity Centre Of India (COMMUNIST),252,2,254,0.12
488,42,HARIRAMPUR,8,BHOLANATH SARKAR,Independent,489,3,492,0.24
489,42,HARIRAMPUR,9,MIHIR CHANDRA RAY,Independent,1203,2,1205,0.59
490,42,HARIRAMPUR,10,RAMKRISHNA MAHATO,Independent,996,1,997,0.49
491,42,HARIRAMPUR,11,NOTA,None of the Above,1005,8,1013,0.5
492,43,HABIBPUR,1,AMAL KISKU,All India Trinamool Congress,63550,324,63874,28.06
493,43,HABIBPUR,2,JOYEL MURMU,Bharatiya Janata Party,140972,1090,142062,62.41
494,43,HABIBPUR,3,BASUDEV MURMU,Communist Party of India (Marxist),8651,74,8725,3.83
495,43,HABIBPUR,4,RAJEN SOREN,Indian National Congress,2476,14,2490,1.09
496,43,HABIBPUR,5,NICHOLAS SOREN,Kamatapur People's Party (United),569,1,570,0.25
497,43,HABIBPUR,6,BABULAL HASDA,Aam Janata Unnayan party,385,0,385,0.17
498,43,HABIBPUR,7,BIMAL MURMU,Socialist Unity Centre Of India (COMMUNIST),327,2,329,0.14
499,43,HABIBPUR,8,BABURAM KISKU,Independent,4567,12,4579,2.01
500,43,HABIBPUR,9,MANJLA MARDI,Independent,1240,5,1245,0.55
501,43,HABIBPUR,10,LAKHIN HEMBROM,Independent,1235,0,1235,0.54
502,43,HABIBPUR,11,NOTA,None of the Above,2110,9,2119,0.93
503,44,GAZOLE,1,KSHITISH CHANDRA SARKAR,Communist Party of India (Marxist),5899,50,5949,2.44
504,44,GAZOLE,2,CHINMOY DEB BARMAN,Bharatiya Janata Party,130493,1048,131541,53.94
505,44,GAZOLE,3,PRASENJIT DAS,All India Trinamool Congress,92954,395,93349,38.28
506,44,GAZOLE,4,PREM CHOWDHURY,Indian National Congress,5024,26,5050,2.07
507,44,GAZOLE,5,SUDIPTA ROY,Bahujan Samaj Party,579,4,583,0.24
508,44,GAZOLE,6,MINOTI SARKAR,Mulnibasi Party of India,506,2,508,0.21
509,44,GAZOLE,7,RATAN ROY,Aam Janata Unnayan party,400,2,402,0.16
510,44,GAZOLE,8,SUPEN KUMAR ROY,Socialist Unity Centre Of India (COMMUNIST),378,1,379,0.16
511,44,GAZOLE,9,SUSHIL CHANDRA BARMAN,Ambedkarite Party of India,1254,1,1255,0.51
512,44,GAZOLE,10,UJJWAL BARMAN,Independent,306,0,306,0.13
513,44,GAZOLE,11,CHANDAN MANDAL,Independent,377,0,377,0.15
514,44,GAZOLE,12,BIJOY KUMAR BISWAS,Independent,1320,1,1321,0.54
515,44,GAZOLE,13,MIRANA SARKAR,Independent,1372,0,1372,0.56
516,44,GAZOLE,14,NOTA,None of the Above,1480,13,1493,0.61
517,45,CHANCHAL,1,ANWARUL HOQUE,Communist Party of India (Marxist),13453,69,13522,5.77
518,45,CHANCHAL,2,ASIF MEHBUB,Indian National Congress,16282,54,16336,6.97
519,45,CHANCHAL,3,YOUNISH MIA,Bahujan Samaj Party,889,1,890,0.38
520,45,CHANCHAL,4,PRASUN BANERJEE,All India Trinamool Congress,127677,337,128014,54.61
521,45,CHANCHAL,5,RATAN DAS,Bharatiya Janata Party,63749,391,64140,27.36
522,45,CHANCHAL,6,JHANTU KUMAR RABIDAS,Socialist Unity Centre Of India (COMMUNIST),525,2,527,0.22
523,45,CHANCHAL,7,BHAKTA PRASAD SAHA,Rastriya Aam Jan Seva Party,244,0,244,0.1
524,45,CHANCHAL,8,MD MASIUR RAHAMAN,Aam Janata Unnayan party,645,0,645,0.28
525,45,CHANCHAL,9,MASTAR SHAHJAHAN ALI,Welfare Party Of India,708,3,711,0.3
526,45,CHANCHAL,10,ANJARUL HOQUE,Independent,6602,17,6619,2.82
527,45,CHANCHAL,11,ABDUL KHALEQUE,Independent,986,2,988,0.42
528,45,CHANCHAL,12,ABDUL BARI,Independent,466,3,469,0.2
529,45,CHANCHAL,13,MUNNA THAKUR,Independent,523,0,523,0.22
530,45,CHANCHAL,14,NOTA,None of the Above,776,5,781,0.33
531,46,HARISCHANDRAPUR,1,MOSTAQUE ALAM,Indian National Congress,31312,119,31431,13.84
532,46,HARISCHANDRAPUR,2,EFRAJUL HOQUE,Bahujan Samaj Party,747,2,749,0.33
533,46,HARISCHANDRAPUR,3,MD. MATIBUR RAHAMAN,All India Trinamool Congress,112766,338,113104,49.8
534,46,HARISCHANDRAPUR,4,RATAN DAS,Bharatiya Janata Party,64552,281,64833,28.55
535,46,HARISCHANDRAPUR,5,SK KHALIL,Communist Party of India (Marxist),12727,59,12786,5.63
536,46,HARISCHANDRAPUR,6,MD OLIUR RAHAMAN,Rastriya Aam Jan Seva Party,325,2,327,0.14
537,46,HARISCHANDRAPUR,7,MOHD. TAFAZZUL HAQUE,Aam Janata Unnayan party,354,0,354,0.16
538,46,HARISCHANDRAPUR,8,MUSARAF HOSSAIN,Socialist Unity Centre Of India (COMMUNIST),221,3,224,0.1
539,46,HARISCHANDRAPUR,9,KISHOR SHARMA,Independent,194,0,194,0.09
540,46,HARISCHANDRAPUR,10,PHATIK KUMAR DAS,Independent,707,2,709,0.31
541,46,HARISCHANDRAPUR,11,BHUDEB DAS,Independent,1153,0,1153,0.51
542,46,HARISCHANDRAPUR,12,MD. SERAJUDDIN,Independent,280,1,281,0.12
543,46,HARISCHANDRAPUR,13,NOTA,None of the Above,948,6,954,0.42
544,47,MALATIPUR,1,ABDUR RAHIM BOXI,All India Trinamool Congress,103876,247,104123,51.54
545,47,MALATIPUR,2,ASHIS DAS,Bharatiya Janata Party,43150,196,43346,21.45
546,47,MALATIPUR,3,PRADIP KUMAR DAS,Bahujan Samaj Party,928,1,929,0.46
547,47,MALATIPUR,4,MINARUL HOSEN,Communist Party of India (Marxist),6105,31,6136,3.04
548,47,MALATIPUR,5,MAUSAM B NOOR,Indian National Congress,44255,121,44376,21.96
549,47,MALATIPUR,6,AZIZUR RAHMAN,Rashtriya Secular Majlis Party,323,1,324,0.16
550,47,MALATIPUR,7,MD. SELIM,Welfare Party Of India,311,1,312,0.15
551,47,MALATIPUR,8,MD ABU TAHIR,Aam Janata Unnayan party,399,0,399,0.2
552,47,MALATIPUR,9,RAHUL SK,Independent,264,0,264,0.13
553,47,MALATIPUR,10,SAMIM AKTAR,Independent,372,1,373,0.18
554,47,MALATIPUR,11,NOTA,None of the Above,1450,3,1453,0.72
555,48,RATUA,1,ABISHEK SINGHANIA,Bharatiya Janata Party,73544,728,74272,31.86
556,48,RATUA,2,ALAM MOTTAKIN,Indian National Congress,31353,172,31525,13.52
557,48,RATUA,3,JAHUR ALAM,Communist Party of India (Marxist),12926,100,13026,5.59
558,48,RATUA,4,SAMAR MUKHERJEE,All India Trinamool Congress,106307,527,106834,45.82
559,48,RATUA,5,MANTU MANDAL,Peoples Party of India (Democratic),1063,0,1063,0.46
560,48,RATUA,6,MD SOHEL,Rashtriya Secular Majlis Party,285,0,285,0.12
561,48,RATUA,7,MD. SHARIFUL,Welfare Party Of India,324,0,324,0.14
562,48,RATUA,8,ROYAL ISLAM,Aam Janata Unnayan party,473,1,474,0.2
563,48,RATUA,9,ARJUN MANDAL,Independent,871,1,872,0.37
564,48,RATUA,10,NUR MOHAMMAD,Independent,311,1,312,0.13
565,48,RATUA,11,BIKASH MANDAL,Independent,360,0,360,0.15
566,48,RATUA,12,LAKSHI NARAYAN CHOWDHURY,Independent,1189,1,1190,0.51
567,48,RATUA,13,LOPAMUDRA JHA,Independent,673,0,673,0.29
568,48,RATUA,14,SOUTAM KR. SINGHA,Independent,480,1,481,0.21
569,48,RATUA,15,NOTA,None of the Above,1441,6,1447,0.62
570,49,MANIKCHAK,1,ANSARUL HAQUE (KALU),Indian National Congress,9094,107,9201,4.08
571,49,MANIKCHAK,2,KABITA MANDAL,All India Trinamool Congress,95365,815,96180,42.68
572,49,MANIKCHAK,3,GOUR CHANDRA MANDAL,Bharatiya Janata Party,109266,852,110118,48.86
573,49,MANIKCHAK,4,DEBAJYOTI SINHA (BABU),Communist Party of India (Marxist),6376,123,6499,2.88
574,49,MANIKCHAK,5,MD TOHIDUR RAHAMAN,Aam Janata Unnayan party,539,0,539,0.24
575,49,MANIKCHAK,6,AMAL KUMAR RABIDAS,Independent,618,1,619,0.27
576,49,MANIKCHAK,7,MD SARIFUL,Independent,1006,0,1006,0.45
577,49,MANIKCHAK,8,NOTA,None of the Above,1193,8,1201,0.53
578,50,MALDAHA,1,GOPAL CHANDRA SAHA,Bharatiya Janata Party,122375,1281,123656,56
579,50,MALDAHA,2,BHUPENDRA NATH HALDER (ARJUN),Indian National Congress,12891,86,12977,5.88
580,50,MALDAHA,3,LIPIKA BARMAN GHOSH,All India Trinamool Congress,73098,430,73528,33.3
581,50,MALDAHA,4,HARIDAS KARMAKAR,Bahujan Samaj Party,849,3,852,0.39
582,50,MALDAHA,5,KALYAN RAJBANSHI,Aam Janata Unnayan party,292,3,295,0.13
583,50,MALDAHA,6,DIPAK BARMAN,Communist Party of India,2292,40,2332,1.06
584,50,MALDAHA,7,BASUDEB SARKAR,Socialist Unity Centre Of India (COMMUNIST),216,3,219,0.1
585,50,MALDAHA,8,SURAJIT HALDER,Kamatapur People's Party (United),197,3,200,0.09
586,50,MALDAHA,9,NITAI MANDAL,Independent,1947,8,1955,0.89
587,50,MALDAHA,10,MATINDRA NATH RAJBANSHI,Independent,458,1,459,0.21
588,50,MALDAHA,11,SANTANU ROY,Independent,1462,2,1464,0.66
589,50,MALDAHA,12,SUMITRA SARKAR,Independent,659,0,659,0.3
590,50,MALDAHA,13,NOTA,None of the Above,2187,14,2201,1
591,51,ENGLISH BAZAR,1,AMBAR MITRA,Communist Party of India (Marxist),6890,232,7122,3.04
592,51,ENGLISH BAZAR,2,AMLAN BHADURI (BURO),Bharatiya Janata Party,151507,2589,154096,65.7
593,51,ENGLISH BAZAR,3,ALAM MASUD,Indian National Congress,6864,65,6929,2.95
594,51,ENGLISH BAZAR,4,ASIS KUNDU (PATA),All India Trinamool Congress,59689,623,60312,25.71
595,51,ENGLISH BAZAR,5,NITISH KUMAR MANDAL,Bahujan Samaj Party,747,2,749,0.32
596,51,ENGLISH BAZAR,6,GAUTAM SARKAR,Socialist Unity Centre Of India (COMMUNIST),217,1,218,0.09
597,51,ENGLISH BAZAR,7,MD UNUSH ALI,Aam Janata Unnayan party,262,0,262,0.11
598,51,ENGLISH BAZAR,8,ASAMAY MANDAL,Independent,207,2,209,0.09
599,51,ENGLISH BAZAR,9,NARESH PAL,Independent,309,3,312,0.13
600,51,ENGLISH BAZAR,10,FIROJ RAHAMAN,Independent,727,0,727,0.31
601,51,ENGLISH BAZAR,11,SANAT DUTTA,Independent,491,4,495,0.21
602,51,ENGLISH BAZAR,12,SAFIUL HOQUE,Independent,1401,1,1402,0.6
603,51,ENGLISH BAZAR,13,NOTA,None of the Above,1687,40,1727,0.74
604,52,MOTHABARI,1,ISLAM MD NAJRUL,All India Trinamool Congress,65206,499,65705,40.51
605,52,MOTHABARI,2,NIBARAN GHOSH,Bharatiya Janata Party,54802,407,55209,34.04
606,52,MOTHABARI,3,SAYEM CHOWDHURY (BABU),Indian National Congress,27215,236,27451,16.93
607,52,MOTHABARI,4,MO SAHAJAHAN ALI,All India Secular Front,9216,40,9256,5.71
608,52,MOTHABARI,5,ADVOCATE  MOSTAHID HAQUE,All India Majlis-E-Ittehadul Muslimeen,1930,5,1935,1.19
609,52,MOTHABARI,6,NIBARAN MANDAL,Independent,379,0,379,0.23
610,52,MOTHABARI,7,PANKAJ CHANDRA MANDAL,Independent,344,0,344,0.21
611,52,MOTHABARI,8,SHYAMAL KUMAR SAHA,Independent,570,1,571,0.35
612,52,MOTHABARI,9,NOTA,None of the Above,1325,3,1328,0.82
613,53,SUJAPUR,1,ABHIJIT RAJAK,Bharatiya Janata Party,19916,150,20066,8.83
614,53,SUJAPUR,2,ABDUL HANNAN,Indian National Congress,52216,292,52508,23.12
615,53,SUJAPUR,3,MD FARUQUE SEKH,Bahujan Samaj Party,1038,0,1038,0.46
616,53,SUJAPUR,4,SABINA YEASMIN,All India Trinamool Congress,112438,357,112795,49.66
617,53,SUJAPUR,5,MANIRUL ISLAM,All India Majlis-E-Ittehadul Muslimeen,4817,5,4822,2.12
618,53,SUJAPUR,6,MD. KARIMULLAH HAQUE,All India Secular Front,28986,40,29026,12.78
619,53,SUJAPUR,7,MD NAIMULLAH ANSARI,North Bengal People's Party,186,0,186,0.08
620,53,SUJAPUR,8,SABINA YASMIN,Jamat-E-Seratul Mustakim,208,1,209,0.09
621,53,SUJAPUR,9,AKTAR SAMIM,Independent,208,0,208,0.09
622,53,SUJAPUR,10,ABDUL HANNAN,Independent,592,1,593,0.26
623,53,SUJAPUR,11,DEBANJAN PODDAR,Independent,681,0,681,0.3
624,53,SUJAPUR,12,MD IRAK AJAM,Independent,2227,2,2229,0.98
625,53,SUJAPUR,13,MD JASIMUDDIN,Independent,930,3,933,0.41
626,53,SUJAPUR,14,MD NASIRUL SK,Independent,877,2,879,0.39
627,53,SUJAPUR,15,NOTA,None of the Above,947,5,952,0.42
628,54,BAISNABNAGAR,1,CHANDANA SARKAR,All India Trinamool Congress,61500,311,61811,27.49
629,54,BAISNABNAGAR,2,NIKHIL CHANDRA MANDAL,Bahujan Samaj Party,819,1,820,0.36
630,54,BAISNABNAGAR,3,MAMUNI MANDAL,Indian National Congress,46286,164,46450,20.66
631,54,BAISNABNAGAR,4,RAJU KARMAKAR,Bharatiya Janata Party,108106,586,108692,48.34
632,54,BAISNABNAGAR,5,ANANDA GHOSH,Socialist Unity Centre Of India (COMMUNIST),767,0,767,0.34
633,54,BAISNABNAGAR,6,DUNDUBHI SAHA(PAPAN),Revolutionary Socialist Party,1018,9,1027,0.46
634,54,BAISNABNAGAR,7,MANJUR ALAHI MUNSHI,Bhartiya Rashtriya Dal,295,1,296,0.13
635,54,BAISNABNAGAR,8,MUZKERA BIBI,Aam Janata Unnayan party,1581,3,1584,0.7
636,54,BAISNABNAGAR,9,MD ARIF CHOUDHURY,North Bengal People's Party,767,4,771,0.34
637,54,BAISNABNAGAR,10,NITYAGOPAL LALA,Independent,431,2,433,0.19
638,54,BAISNABNAGAR,11,BISWAJIT MANDAL,Independent,399,0,399,0.18
639,54,BAISNABNAGAR,12,NOTA,None of the Above,1785,4,1789,0.8
640,55,FARAKKA,1,AMIRUL ISLAM,All India Trinamool Congress,47169,87,47256,27.03
641,55,FARAKKA,2,MOZAFFAR HOSSAIN,Communist Party of India (Marxist),4159,18,4177,2.39
642,55,FARAKKA,3,MOTAB SHAIKH,Indian National Congress,62942,108,63050,36.06
643,55,FARAKKA,4,SUNIL CHOWDHURI,Bharatiya Janata Party,54640,217,54857,31.38
644,55,FARAKKA,5,AZMERUL SK,Rashtriya Secular Majlis Party,484,0,484,0.28
645,55,FARAKKA,6,IMTIAZ AHMED MOLLAH,Aam Janata Unnayan party,780,1,781,0.45
646,55,FARAKKA,7,TILOTTAMA HALDAR,Bharatiya Nyay-Adhikar Raksha Party,128,0,128,0.07
647,55,FARAKKA,8,ALOK KUMAR MANDAL,Independent,217,0,217,0.12
648,55,FARAKKA,9,ABDUL KADER,Independent,186,0,186,0.11
649,55,FARAKKA,10,NANDALAL GHOSH,Independent,695,0,695,0.4
650,55,FARAKKA,11,SHASHANKA DAS,Independent,799,1,800,0.46
651,55,FARAKKA,12,SULAIMAN SHAIKH,Independent,427,0,427,0.24
652,55,FARAKKA,13,NOTA,None of the Above,1778,5,1783,1.02
653,56,SAMSERGANJ,1,MD NAJME ALAM,Indian National Congress,54231,100,54331,34.96
654,56,SAMSERGANJ,2,MOHAMMED NOOR ALAM,All India Trinamool Congress,61802,116,61918,39.84
655,56,SAMSERGANJ,3,SASTI CHARAN GHOSH,Bharatiya Janata Party,34362,160,34522,22.21
656,56,SAMSERGANJ,4,MD MERAJ SORIF,Rashtriya Secular Majlis Party,499,2,501,0.32
657,56,SAMSERGANJ,5,RABIUL HOQUE,Socialist Unity Centre Of India (COMMUNIST),322,0,322,0.21
658,56,SAMSERGANJ,6,ANUP BHASKAR,Independent,158,0,158,0.1
659,56,SAMSERGANJ,7,ABDUL HAI,Independent,245,1,246,0.16
660,56,SAMSERGANJ,8,MD. NAZIM SK,Independent,458,0,458,0.29
661,56,SAMSERGANJ,9,MD. SELIM ANSARI,Independent,489,1,490,0.32
662,56,SAMSERGANJ,10,MOTAJUL ISLAM,Independent,830,0,830,0.53
663,56,SAMSERGANJ,11,NOTA,None of the Above,1651,3,1654,1.06
664,57,SUTI,1,ALFAJUDDIN BISWAS,Indian National Congress,61228,116,61344,27.78
665,57,SUTI,2,EMANI BISWAS,All India Trinamool Congress,81072,258,81330,36.83
666,57,SUTI,3,MAHABIR GHOSH,Bharatiya Janata Party,68712,261,68973,31.23
667,57,SUTI,4,ANUP KUMAR SINGHA,Socialist Unity Centre Of India (COMMUNIST),803,1,804,0.36
668,57,SUTI,5,MD ZAID,All India Majlis-E-Ittehadul Muslimeen,2561,4,2565,1.16
669,57,SUTI,6,RAJIB CHATTERJEE,Bhartiya Lokmat Rashtrawadi Party,132,1,133,0.06
670,57,SUTI,7,A. K. M HASANUJJAMAN,Revolutionary Socialist Party,961,7,968,0.44
671,57,SUTI,8,KAUSIK DAS,Independent,422,1,423,0.19
672,57,SUTI,9,BADIRUL ISLAM,Independent,1364,1,1365,0.62
673,57,SUTI,10,MD SANAUL HOQUE,Independent,1211,1,1212,0.55
674,57,SUTI,11,NOTA,None of the Above,1731,4,1735,0.79
675,58,JANGIPUR,1,ALOKE KUMAR DAS,Communist Party of India (Marxist),3962,45,4007,1.88
676,58,JANGIPUR,2,CHITTA MUKHERJEE,Bharatiya Janata Party,90481,720,91201,42.9
677,58,JANGIPUR,3,JAKIR HOSSAIN,All India Trinamool Congress,80356,303,80659,37.94
678,58,JANGIPUR,4,MOHAMMAD IMRAN ALI,Indian National Congress,31107,121,31228,14.69
679,58,JANGIPUR,5,PRABIR HALDER,Bhartiya Lokmat Rashtrawadi Party,302,1,303,0.14
680,58,JANGIPUR,6,BAPI SK,Bharatiya Nyay-Adhikar Raksha Party,244,1,245,0.12
681,58,JANGIPUR,7,MD HASANUZZAMAN,Aam Janata Unnayan party,881,1,882,0.41
682,58,JANGIPUR,8,MIRZA NASHIR UDDIN,Socialist Unity Centre Of India (COMMUNIST),1809,4,1813,0.85
683,58,JANGIPUR,9,SOMA SAHA DAS,Independent,1123,2,1125,0.53
684,58,JANGIPUR,10,NOTA,None of the Above,1137,6,1143,0.54
685,59,RAGHUNATHGANJ,1,AKHRUZZAMAN,All India Trinamool Congress,88679,230,88909,45.65
686,59,RAGHUNATHGANJ,2,ABUL HASNAT,Communist Party of India (Marxist),12944,41,12985,6.67
687,59,RAGHUNATHGANJ,3,NASIR SAIKH,Indian National Congress,48248,106,48354,24.83
688,59,RAGHUNATHGANJ,4,SUROJIT PODDAR,Bharatiya Janata Party,35036,148,35184,18.06
689,59,RAGHUNATHGANJ,5,MD IMRAN SOLANKI,All India Majlis-E-Ittehadul Muslimeen,5883,2,5885,3.02
690,59,RAGHUNATHGANJ,6,RABIUL ALAM,Socialist Unity Centre Of India (COMMUNIST),477,3,480,0.25
691,59,RAGHUNATHGANJ,7,SENJARUL ISLAM,Bharatiya Nyay-Adhikar Raksha Party,539,0,539,0.28
692,59,RAGHUNATHGANJ,8,REJAUL KARIM,Independent,476,0,476,0.24
693,59,RAGHUNATHGANJ,9,NOTA,None of the Above,1952,1,1953,1
694,60,SAGARDIGHI,1,TAPAS KUMAR CHAKRABORTY,Bharatiya Janata Party,56250,271,56521,27.22
695,60,SAGARDIGHI,2,BAYRON BISWAS,All India Trinamool Congress,90455,326,90781,43.72
696,60,SAGARDIGHI,3,MANOJ CHAKRABORTY,Indian National Congress,10291,57,10348,4.98
697,60,SAGARDIGHI,4,DHANANJAY BANERJEE,Amra Bangalee,747,1,748,0.36
698,60,SAGARDIGHI,5,MASIUR RAHAMAN,Social Democratic Party Of India,42389,106,42495,20.46
699,60,SAGARDIGHI,6,MIRZA LUTFUL HOQUE,Socialist Unity Centre Of India (COMMUNIST),513,2,515,0.25
700,60,SAGARDIGHI,7,SHIBATI MUMMU,Mulnibasi Party of India,1858,3,1861,0.9
701,60,SAGARDIGHI,8,KISHOR MONDAL,Independent,347,0,347,0.17
702,60,SAGARDIGHI,9,GOLAM KIBRIA,Independent,840,0,840,0.4
703,60,SAGARDIGHI,10,JOGES MARJIT,Independent,1266,0,1266,0.61
704,60,SAGARDIGHI,11,NOTA,None of the Above,1929,9,1938,0.93
705,61,LALGOLA,1,AMAR KUMAR DAS,Bharatiya Janata Party,35365,131,35496,19.7
706,61,LALGOLA,2,ABDUL AZIZ DOCTOR,All India Trinamool Congress,67750,204,67954,37.72
707,61,LALGOLA,3,TOUHIDUR RAHAMAN SUMAN,Indian National Congress,48844,150,48994,27.19
708,61,LALGOLA,4,BABLUZZAMAN MD,Communist Party of India (Marxist),21834,98,21932,12.17
709,61,LALGOLA,5,MD TARIK AZIZ,All India Majlis-E-Ittehadul Muslimeen,2316,3,2319,1.29
710,61,LALGOLA,6,MUNTASIR ZAMIL,Socialist Unity Centre Of India (COMMUNIST),223,0,223,0.12
711,61,LALGOLA,7,MOUSUMI KHATUN,Bharatiya Nyay-Adhikar Raksha Party,306,3,309,0.17
712,61,LALGOLA,8,ZINNATUN NESHA,Independent,957,0,957,0.53
713,61,LALGOLA,9,MD FIHIAN ALI,Independent,938,1,939,0.52
714,61,LALGOLA,10,NOTA,None of the Above,1040,4,1044,0.58
715,62,BHAGAWANGOLA,1,ANJU BEGAM,Indian National Congress,29396,44,29440,13.49
716,62,BHAGAWANGOLA,2,BHASKAR SARKAR,Bharatiya Janata Party,23046,58,23104,10.59
717,62,BHAGAWANGOLA,3,MAHAMUDAL HASAN,Communist Party of India (Marxist),49501,89,49590,22.73
718,62,BHAGAWANGOLA,4,REYAT HOSSAIN SARKAR,All India Trinamool Congress,105747,250,105997,48.57
719,62,BHAGAWANGOLA,5,OMAR KHAYYAM (ZIKO),Socialist Unity Centre Of India (COMMUNIST),1422,1,1423,0.65
720,62,BHAGAWANGOLA,6,MD. NURUL ISLAM,Vikas India Party,479,0,479,0.22
721,62,BHAGAWANGOLA,7,HUMAYUN KABIR,Aam Janata Unnayan party,5961,4,5965,2.73
722,62,BHAGAWANGOLA,8,EMON SAYED,Independent,613,3,616,0.28
723,62,BHAGAWANGOLA,9,MD. AKRAMUL HOQUE,Independent,516,1,517,0.24
724,62,BHAGAWANGOLA,10,NOTA,None of the Above,1081,4,1085,0.5
725,63,RANINAGAR,1,ABDUL SOUMIK HOSSAIN,All India Trinamool Congress,76560,162,76722,32.34
726,63,RANINAGAR,2,JAMAL HOSSAIN,Communist Party of India (Marxist),48482,105,48587,20.48
727,63,RANINAGAR,3,JULFIKAR ALI,Indian National Congress,79240,183,79423,33.48
728,63,RANINAGAR,4,RANAPRATAP SINGHA ROY,Bharatiya Janata Party,22643,85,22728,9.58
729,63,RANINAGAR,5,YASSER HAIDAR,Aam Janata Unnayan party,2562,4,2566,1.08
730,63,RANINAGAR,6,SHYAMAL KRISHNA MONDAL,Socialist Unity Centre Of India (COMMUNIST),666,3,669,0.28
731,63,RANINAGAR,7,ANOYAR HOSSAIN,Independent,144,0,144,0.06
732,63,RANINAGAR,8,ABDUL ALIM SK,Independent,95,0,95,0.04
733,63,RANINAGAR,9,KHALID HOSSAIN,Independent,184,0,184,0.08
734,63,RANINAGAR,10,JULFIKAR ALI,Independent,355,1,356,0.15
735,63,RANINAGAR,11,JULFIKKAR ALI,Independent,451,3,454,0.19
736,63,RANINAGAR,12,MST MASUARA KHATUN,Independent,773,0,773,0.33
737,63,RANINAGAR,13,MOSTOFA MONJUR ELAHI,Independent,1190,0,1190,0.5
738,63,RANINAGAR,14,SUMIT NATH,Independent,1071,0,1071,0.45
739,63,RANINAGAR,15,NOTA,None of the Above,2232,8,2240,0.94
740,64,MURSHIDABAD,1,ABDUL MANNAN,All India Forward Bloc,9045,29,9074,3.82
741,64,MURSHIDABAD,2,ALI SIDDIQUE,Indian National Congress,16098,26,16124,6.79
742,64,MURSHIDABAD,3,GOURI SANKAR GHOSH,Bharatiya Janata Party,113803,640,114443,48.18
743,64,MURSHIDABAD,4,PRALLAD MAHATO,Bahujan Samaj Party,1372,4,1376,0.58
744,64,MURSHIDABAD,5,SHAONI SINGHA ROY,All India Trinamool Congress,82709,213,82922,34.91
745,64,MURSHIDABAD,6,MILIA SAJEM,Socialist Unity Centre Of India (COMMUNIST),2246,1,2247,0.95
746,64,MURSHIDABAD,7,MIR HASNAT ALI,Aam Janata Unnayan party,7896,3,7899,3.33
747,64,MURSHIDABAD,8,CHAMPA BIBI,Independent,1557,2,1559,0.66
748,64,MURSHIDABAD,9,SAHABUDDIN SK,Independent,448,0,448,0.19
749,64,MURSHIDABAD,10,NOTA,None of the Above,1437,5,1442,0.61
750,65,NABAGRAM,1,DILIP SAHA,Bharatiya Janata Party,78231,508,78739,35.54
751,65,NABAGRAM,2,PURNIMA DAS,Communist Party of India (Marxist),12984,73,13057,5.89
752,65,NABAGRAM,3,PRONAB CHANDRA DAS,All India Trinamool Congress,72492,328,72820,32.86
753,65,NABAGRAM,4,HIRU HALDAR,Indian National Congress,50013,131,50144,22.63
754,65,NABAGRAM,5,GOLAK MANDAL,Aam Janata Unnayan party,2837,1,2838,1.28
755,65,NABAGRAM,6,BARUN MANDAL,Socialist Unity Centre Of India (COMMUNIST),1369,6,1375,0.62
756,65,NABAGRAM,7,RAKHI CHOUDURY (MANDAL),Independent,723,1,724,0.33
757,65,NABAGRAM,8,NOTA,None of the Above,1873,10,1883,0.85
758,66,KHARGRAM,1,ASHIS MARJIT,All India Trinamool Congress,68107,308,68415,33.46
759,66,KHARGRAM,2,DHRUBAJOTI SAHA,Communist Party of India (Marxist),41770,174,41944,20.51
760,66,KHARGRAM,3,MANDER KANTI MONDAL,Indian National Congress,10955,54,11009,5.38
761,66,KHARGRAM,4,MITALI MAL,Bharatiya Janata Party,77367,381,77748,38.02
762,66,KHARGRAM,5,SAILESWAR MONDAL,Bahujan Samaj Party,687,0,687,0.34
763,66,KHARGRAM,6,JADAB DAS,Aam Janata Unnayan party,875,1,876,0.43
764,66,KHARGRAM,7,BHUBAN MOHAN SAHA,Independent,676,1,677,0.33
765,66,KHARGRAM,8,MANIK KUMAR DAS,Independent,613,0,613,0.3
766,66,KHARGRAM,9,RAJEN MEHANA,Independent,629,0,629,0.31
767,66,KHARGRAM,10,NOTA,None of the Above,1874,5,1879,0.92
768,67,BURWAN,1,PROTIMA RAJAK,All India Trinamool Congress,69005,356,69361,36.72
769,67,BURWAN,2,PROSENJIT HAZRA,Bahujan Samaj Party,770,3,773,0.41
770,67,BURWAN,3,SANJIT DAS,Indian National Congress,18354,86,18440,9.76
771,67,BURWAN,4,SUKHEN KUMAR BAGDI,Bharatiya Janata Party,91128,533,91661,48.52
772,67,BURWAN,5,ANANDA DAS BAGDI,Revolutionary Socialist Party,2628,19,2647,1.4
773,67,BURWAN,6,SHASTHI CHARAN MAL,Aam Janata Unnayan party,730,1,731,0.39
774,67,BURWAN,7,RAKESH BAGDI,Independent,1274,1,1275,0.67
775,67,BURWAN,8,RADHIKANATH BAGDI,Independent,658,0,658,0.35
776,67,BURWAN,9,SUNITA KONAI,Independent,869,2,871,0.46
777,67,BURWAN,10,NOTA,None of the Above,2487,13,2500,1.32
778,68,KANDI,1,APURBA SARKAR (DAVID),All India Trinamool Congress,62490,530,63020,31.6
779,68,KANDI,2,GARGI DAS GHOSH,Bharatiya Janata Party,72590,765,73355,36.78
780,68,KANDI,3,PRATAP DAS,Bahujan Samaj Party,516,0,516,0.26
781,68,KANDI,4,SHAMIM RANA,Indian National Congress,31009,151,31160,15.62
782,68,KANDI,5,MESBAHUL ISLAM KHAN,All India Majlis-E-Ittehadul Muslimeen,22946,30,22976,11.52
783,68,KANDI,6,REJAUL KARIM,Communist Party of India,1509,21,1530,0.77
784,68,KANDI,7,SRIKANTA DAS,Socialist Unity Centre Of India (COMMUNIST),234,3,237,0.12
785,68,KANDI,8,SAKSHI GOPAL DEB,Amra Bangalee,108,4,112,0.06
786,68,KANDI,9,ABHIJIT HALDER,Independent,153,0,153,0.08
787,68,KANDI,10,ASHIS DAS,Independent,579,0,579,0.29
788,68,KANDI,11,GOKUL HAZRA,Independent,393,1,394,0.2
789,68,KANDI,12,RAJKUMAR MONDAL,Independent,872,1,873,0.44
790,68,KANDI,13,SYED AZIZUR HOSSAIN (NASHIM),Independent,1623,0,1623,0.81
791,68,KANDI,14,NOTA,None of the Above,2918,14,2932,1.47
792,69,BHARATPUR,1,AJAY RANO,Bahujan Samaj Party,893,3,896,0.42
793,69,BHARATPUR,2,ANAMIKA GHOSH,Bharatiya Janata Party,59690,427,60117,28.04
794,69,BHARATPUR,3,AZHERUDDIN MD (SIZAR),Indian National Congress,51106,215,51321,23.93
795,69,BHARATPUR,4,MUSTAFIJUR RAHAMAN (SUMAN),All India Trinamool Congress,90392,478,90870,42.38
796,69,BHARATPUR,5,JINNATUN NAHAR GULSAN BEGAM,Communist Party of India (Marxist-Leninist) (Liberation),1060,7,1067,0.5
797,69,BHARATPUR,6,NOWFAL MD SAFIULLA ( ALBERT),Revolutionary Socialist Party,3588,16,3604,1.68
798,69,BHARATPUR,7,BADAN GHOSH,Amra Bangalee,522,2,524,0.24
799,69,BHARATPUR,8,ANOWAR HOSSAIN MOLLA,Independent,2203,1,2204,1.03
800,69,BHARATPUR,9,ABU KOWSAR MALEK ISMILE,Independent,936,0,936,0.44
801,69,BHARATPUR,10,VIVEKANANDA GHOSH,Independent,1264,1,1265,0.59
802,69,BHARATPUR,11,NOTA,None of the Above,1615,5,1620,0.76
803,70,REJINAGAR,1,ATAUR RAHAMAN,All India Trinamool Congress,41429,289,41718,17.43
804,70,REJINAGAR,2,JILLU SK,Indian National Congress,4050,51,4101,1.71
805,70,REJINAGAR,3,BAPAN GHOSH,Bharatiya Janata Party,64092,568,64660,27.02
806,70,REJINAGAR,4,AJARUL MOLLICK,Magadh Congress of India,708,1,709,0.3
807,70,REJINAGAR,5,TUSHAR KANTI CHATTERJEE,West Bengal Socialist Party,743,5,748,0.31
808,70,REJINAGAR,6,BABAR ALI,Socialist Unity Centre Of India (COMMUNIST),1484,6,1490,0.62
809,70,REJINAGAR,7,HUMAYUN KABIR,Aam Janata Unnayan party,123266,270,123536,51.62
810,70,REJINAGAR,8,HUMAYUN KABIR,Independent,699,0,699,0.29
811,70,REJINAGAR,9,NOTA,None of the Above,1623,11,1634,0.68
812,71,BELDANGA,1,BHARAT KUMAR JHAWAR,Bharatiya Janata Party,72020,852,72872,31.88
813,71,BELDANGA,2,MD SAHARUDDIN SK,Indian National Congress,39741,221,39962,17.48
814,71,BELDANGA,3,MD ISMAIL,Bahujan Samaj Party,982,1,983,0.43
815,71,BELDANGA,4,RABIUL ALAM CHOWDHURY,All India Trinamool Congress,59265,399,59664,26.1
816,71,BELDANGA,5,RAJESH GHOSH,Revolutionary Socialist Party,2818,41,2859,1.25
817,71,BELDANGA,6,LOCKMAN HAKIM,Socialist Unity Centre Of India (COMMUNIST),3072,3,3075,1.35
818,71,BELDANGA,7,SHOAIB AHMED,Aam Janata Unnayan party,46676,33,46709,20.43
819,71,BELDANGA,8,MD SAFIUR RAHMAN BISWAS,Independent,685,3,688,0.3
820,71,BELDANGA,9,NOTA,None of the Above,1765,14,1779,0.78
821,72,BAHARAMPUR,1,ADHIR RANJAN CHOWDHURY,Indian National Congress,72438,1102,73540,32.79
822,72,BAHARAMPUR,2,NARU GOPAL MUKHERJEE,All India Trinamool Congress,49116,470,49586,22.11
823,72,BAHARAMPUR,3,SANTOSH BISWAS,Bahujan Samaj Party,762,4,766,0.34
824,72,BAHARAMPUR,4,SUBRATA MAITRA (KANCHAN),Bharatiya Janata Party,89359,1729,91088,40.62
825,72,BAHARAMPUR,5,ABUL KASEM SK,Communist Party of India (Marxist-Leninist) (Liberation),673,6,679,0.3
826,72,BAHARAMPUR,6,DILIP DAS,Socialist Unity Centre Of India (COMMUNIST),578,6,584,0.26
827,72,BAHARAMPUR,7,MAMATA BIBI,Justice and Development Party,152,0,152,0.07
828,72,BAHARAMPUR,8,RAJIB CHATTERJEE,Bhartiya Lokmat Rashtrawadi Party,168,1,169,0.08
829,72,BAHARAMPUR,9,SUKBOR MOLLA,Aam Janata Unnayan party,4204,3,4207,1.88
830,72,BAHARAMPUR,10,UTPAL KUNDU,Independent,265,0,265,0.12
831,72,BAHARAMPUR,11,PARITOSH KUNDU,Independent,490,3,493,0.22
832,72,BAHARAMPUR,12,RIKI MAITRA,Independent,487,0,487,0.22
833,72,BAHARAMPUR,13,SAHABUDDIN MALLIK,Independent,892,1,893,0.4
834,72,BAHARAMPUR,14,NOTA,None of the Above,1333,26,1359,0.61
835,73,HARIHARPARA,1,ZAMIR MOLLA,Communist Party of India (Marxist),29973,82,30055,12.77
836,73,HARIHARPARA,2,TANMOY BISWAS,Bharatiya Janata Party,31909,148,32057,13.62
837,73,HARIHARPARA,3,NIAMOT SHEIKH,All India Trinamool Congress,80007,331,80338,34.14
838,73,HARIHARPARA,4,MOUSUMI BEGUM,Indian National Congress,13040,36,13076,5.56
839,73,HARIHARPARA,5,ABU SYEED KHANDOKER,Socialist Unity Centre Of India (COMMUNIST),3610,14,3624,1.54
840,73,HARIHARPARA,6,BIJOY SEKH,Aam Janata Unnayan party,67629,44,67673,28.76
841,73,HARIHARPARA,7,RIYAJUL ISLAM KHAN,Indian Union Muslim League,2725,0,2725,1.16
842,73,HARIHARPARA,8,KRISHNA PROSAD BISWAS,Independent,811,2,813,0.35
843,73,HARIHARPARA,9,BIJOY MONDAL,Independent,968,1,969,0.41
844,73,HARIHARPARA,10,MOUSUMI KHATUN,Independent,1960,0,1960,0.83
845,73,HARIHARPARA,11,RAFIKUL ISLAM,Independent,706,0,706,0.3
846,73,HARIHARPARA,12,NOTA,None of the Above,1295,5,1300,0.55
847,74,NOWDA,1,MATIUR RAHAMAN,Indian National Congress,15886,123,16009,7.22
848,74,NOWDA,2,RANA MANDAL,Bharatiya Janata Party,58224,296,58520,26.41
849,74,NOWDA,3,SAHINA MOMTAZ KHAN,All India Trinamool Congress,51599,268,51867,23.41
850,74,NOWDA,4,ABDUS SALAM,Socialist Unity Centre Of India (COMMUNIST),2047,8,2055,0.93
851,74,NOWDA,5,SURAJ SK,Bhartiya Lokmat Rashtrawadi Party,971,0,971,0.44
852,74,NOWDA,6,HABIBUR RAHAMAN MONDAL(SOHEL),Revolutionary Socialist Party,1781,19,1800,0.81
853,74,NOWDA,7,HUMAYUN KABIR,Aam Janata Unnayan party,86389,74,86463,39.02
854,74,NOWDA,8,MOTIUR RAHAMAN MUNSHI,Independent,624,1,625,0.28
855,74,NOWDA,9,RAMIJ RAJA BISWAS,Independent,867,0,867,0.39
856,74,NOWDA,10,HUMAYUN KABIR SEKH,Independent,1303,2,1305,0.59
857,74,NOWDA,11,NOTA,None of the Above,1113,5,1118,0.5
858,75,DOMKAL,1,NANDADULAL PAL,Bharatiya Janata Party,13064,116,13180,5.11
859,75,DOMKAL,2,BEGAM SAHANAJ,Indian National Congress,30381,72,30453,11.81
860,75,DOMKAL,3,MD. MOSTAFIJUR RAHAMAN,Communist Party of India (Marxist),107575,307,107882,41.85
861,75,DOMKAL,4,HUMAYUN KABIR,All India Trinamool Congress,91343,243,91586,35.53
862,75,DOMKAL,5,AYESHA SIDDIQUA,Socialist Unity Centre Of India (COMMUNIST),1190,1,1191,0.46
863,75,DOMKAL,6,KALU MONDAL,Magadh Congress of India,483,0,483,0.19
864,75,DOMKAL,7,MD. MOSHARAF HOSSAIN,Aam Janata Unnayan party,7388,4,7392,2.87
865,75,DOMKAL,8,MD SALAUDDIN,Indian National League,471,4,475,0.18
866,75,DOMKAL,9,SAFAR ALI BISWAS(ROBI),Bhartiya Lokmat Rashtrawadi Party,264,0,264,0.1
867,75,DOMKAL,10,MUSTAK AHMED,Independent,500,0,500,0.19
868,75,DOMKAL,11,MUSTAFIJUR RAHAMAN,Independent,1372,1,1373,0.53
869,75,DOMKAL,12,SAHANAJ BEGAM,Independent,994,0,994,0.39
870,75,DOMKAL,13,SOYAIB ANSARY,Independent,810,0,810,0.31
871,75,DOMKAL,14,NOTA,None of the Above,1199,8,1207,0.47
872,76,JALANGI,1,ABDUR RAZZAK MOLLA,Indian National Congress,36353,77,36430,14.38
873,76,JALANGI,2,IANUS ALI SARKAR,Communist Party of India (Marxist),66921,247,67168,26.52
874,76,JALANGI,3,NABA KUMAR SARKAR,Bharatiya Janata Party,51377,316,51693,20.41
875,76,JALANGI,4,BABAR ALI,All India Trinamool Congress,88318,366,88684,35.01
876,76,JALANGI,5,ASADUL SK,Indian National League,720,1,721,0.28
877,76,JALANGI,6,ENAMUL HAQUE,Socialist Unity Centre Of India (COMMUNIST),667,2,669,0.26
878,76,JALANGI,7,SUBIR KUMAR SARKAR,Amra Bangalee,982,1,983,0.39
879,76,JALANGI,8,HABIBUR RAHAMAN,Aam Janata Unnayan party,4745,8,4753,1.88
880,76,JALANGI,9,MD HASIM BISWAS,Independent,858,2,860,0.34
881,76,JALANGI,10,NOTA,None of the Above,1330,15,1345,0.53
882,77,KARIMPUR,1,JITENDRANATH HALDER,Bahujan Samaj Party,722,6,728,0.3
883,77,KARIMPUR,2,POOJA PARAJITA ROY CHOUDHURY,Indian National Congress,10814,40,10854,4.51
884,77,KARIMPUR,3,PRABHAS MAJUMDAR,Communist Party of India (Marxist),19215,119,19334,8.03
885,77,KARIMPUR,4,SAMARENDRANATH GHOSH,Bharatiya Janata Party,104077,1157,105234,43.68
886,77,KARIMPUR,5,SOHAM CHAKRABORTY,All India Trinamool Congress,94378,671,95049,39.45
887,77,KARIMPUR,6,DHANAPATI MONDAL,Socialist Unity Centre Of India (COMMUNIST),1823,0,1823,0.76
888,77,KARIMPUR,7,SAMSUN NAHAR KHATUN SEKH,Aam Janata Unnayan party,5724,9,5733,2.38
889,77,KARIMPUR,8,SAMAR KUMAR GHOSH,Independent,518,8,526,0.22
890,77,KARIMPUR,9,SUBRATA DAS,Independent,491,4,495,0.21
891,77,KARIMPUR,10,NOTA,None of the Above,1129,11,1140,0.47
892,78,TEHATTA,1,ARABINDA BISWAS,Bahujan Samaj Party,589,10,599,0.26
893,78,TEHATTA,2,JYOTIRMOY SARKAR,Indian National Congress,2360,23,2383,1.02
894,78,TEHATTA,3,DILIP KUMAR PODDAR,All India Trinamool Congress,83140,745,83885,35.91
895,78,TEHATTA,4,SUBODH CHANDRA BISWAS,Communist Party of India (Marxist),25418,211,25629,10.97
896,78,TEHATTA,5,SUBRATA KABIRAJ,Bharatiya Janata Party,110737,1401,112138,48.01
897,78,TEHATTA,6,JAMAT ALI MANDAL,Aam Janata Unnayan party,5117,17,5134,2.2
898,78,TEHATTA,7,Najbul Ansary,Socialist Unity Centre Of India (COMMUNIST),896,2,898,0.38
899,78,TEHATTA,8,MILAN SARKAR,Independent,390,0,390,0.17
900,78,TEHATTA,9,JUDHISTHIR SARKAR,Independent,1029,3,1032,0.44
901,78,TEHATTA,10,SAMAR KUMAR BISWAS,Independent,578,0,578,0.25
902,78,TEHATTA,11,NOTA,None of the Above,904,18,922,0.39
903,79,PALASHIPARA,1,ANIMA DUTTA,Bharatiya Janata Party,77187,600,77787,36.24
904,79,PALASHIPARA,2,FAJLUR RAHAMAN SEKH,Bahujan Samaj Party,1039,6,1045,0.49
905,79,PALASHIPARA,3,RUKBANUR RAHMAN,All India Trinamool Congress,88648,593,89241,41.58
906,79,PALASHIPARA,4,HAMIDUL HAQUE,Indian National Congress,2988,33,3021,1.41
907,79,PALASHIPARA,5,ANARUL HAQUE SK,Socialist Unity Centre Of India (COMMUNIST),2212,12,2224,1.04
908,79,PALASHIPARA,6,MD SAMSUR ALI MALLICK,All India Secular Front,34435,149,34584,16.11
909,79,PALASHIPARA,7,SWAPAN MONDAL,Amra Bangalee,745,2,747,0.35
910,79,PALASHIPARA,8,HAYDAR ALI MONDAL,Aam Janata Unnayan party,3394,5,3399,1.58
911,79,PALASHIPARA,9,ABDUR ROUF,Independent,552,2,554,0.26
912,79,PALASHIPARA,10,NOTA,None of the Above,2039,9,2048,0.95
913,80,KALIGANJ,1,ALIFA AHMED,All India Trinamool Congress,88457,835,89292,40.77
914,80,KALIGANJ,2,BAPAN GHOSH,Bharatiya Janata Party,78358,762,79120,36.12
915,80,KALIGANJ,3,SABINA IYASMIN SEKH,Communist Party of India (Marxist),22660,146,22806,10.41
916,80,KALIGANJ,4,SUBRATA SHEKHAR BISWAS,Bahujan Samaj Party,539,8,547,0.25
917,80,KALIGANJ,5,SHAIKH KABIL UDDIN,Indian National Congress,4238,29,4267,1.95
918,80,KALIGANJ,6,ARIKH AKHER,Indian Union Muslim League,1165,2,1167,0.53
919,80,KALIGANJ,7,KECHHABUDDIN SEKH,Aam Janata Unnayan party,16158,64,16222,7.41
920,80,KALIGANJ,8,MOHIUDDIN MONDAL,Socialist Unity Centre Of India (COMMUNIST),1392,14,1406,0.64
921,80,KALIGANJ,9,BAPAN GHOSH,Independent,557,4,561,0.26
922,80,KALIGANJ,10,SUMIT GHOSH,Independent,1530,0,1530,0.7
923,80,KALIGANJ,11,NOTA,None of the Above,2103,2,2105,0.96
924,81,NAKASHIPARA,1,KALLOL KHAN,All India Trinamool Congress,82691,582,83273,40.44
925,81,NAKASHIPARA,2,TAHIR SEKH,Indian National Congress,3011,19,3030,1.47
926,81,NAKASHIPARA,3,BIMAL ROY,Bahujan Samaj Party,626,3,629,0.31
927,81,NAKASHIPARA,4,SANTANU DEY,Bharatiya Janata Party,99387,1213,100600,48.85
928,81,NAKASHIPARA,5,SUKLA SAHA,Communist Party of India (Marxist),13619,84,13703,6.65
929,81,NAKASHIPARA,6,JEBUNNESSA MUNSHI,Aam Janata Unnayan party,1273,3,1276,0.62
930,81,NAKASHIPARA,7,MASIKUR RAHAMAN KHAN,Socialist Unity Centre Of India (COMMUNIST),841,3,844,0.41
931,81,NAKASHIPARA,8,SWADHIN CHOUDHURY,Independent,273,0,273,0.13
932,81,NAKASHIPARA,9,HARIDAS DEY,Independent,419,0,419,0.2
933,81,NAKASHIPARA,10,NOTA,None of the Above,1865,8,1873,0.91
934,82,CHAPRA,1,ASIF KHAN,Indian National Congress,1995,20,2015,0.96
935,82,CHAPRA,2,JEBER SEKH,All India Trinamool Congress,96231,854,97085,46.06
936,82,CHAPRA,3,SUDHANGSHU SARKAR,Bahujan Samaj Party,1035,4,1039,0.49
937,82,CHAPRA,4,SAIKAT SARKAR,Bharatiya Janata Party,65651,654,66305,31.46
938,82,CHAPRA,5,JAKIR  HOSSAIN MONDAL,All India Secular Front,38220,217,38437,18.24
939,82,CHAPRA,6,MOZAMMEL HOSSAIN MONDAL (BALA),Socialist Unity Centre Of India (COMMUNIST),1013,3,1016,0.48
940,82,CHAPRA,7,SUKLA SAHA (MUKTA),Aam Janata Unnayan party,839,1,840,0.4
941,82,CHAPRA,8,UTPAL GHOSH,Independent,638,1,639,0.3
942,82,CHAPRA,9,SHUBHANKAR RUDRA,Independent,1834,2,1836,0.87
943,82,CHAPRA,10,NOTA,None of the Above,1538,12,1550,0.74
944,83,KRISHNANAGAR UTTAR,1,ADWAITA BISWAS,Communist Party of India (Marxist),8142,194,8336,4.13
945,83,KRISHNANAGAR UTTAR,2,ARGHYA GON,Indian National Congress,1484,32,1516,0.75
946,83,KRISHNANAGAR UTTAR,3,TARAK NATH CHATTERJEE,Bharatiya Janata Party,131049,2162,133211,65.93
947,83,KRISHNANAGAR UTTAR,4,BIDHAN HALDER,Bahujan Samaj Party,1354,4,1358,0.67
948,83,KRISHNANAGAR UTTAR,5,SOMNATH DUTTA,All India Trinamool Congress,54226,624,54850,27.15
949,83,KRISHNANAGAR UTTAR,6,JOYDIP CHAUDHURI,Socialist Unity Centre Of India (COMMUNIST),1280,4,1284,0.64
950,83,KRISHNANAGAR UTTAR,7,AMITAVA NANDI,Independent,308,2,310,0.15
951,83,KRISHNANAGAR UTTAR,8,NOTA,None of the Above,1153,39,1192,0.59
952,84,NABADWIP,1,TAPAS DAS,Bahujan Samaj Party,777,3,780,0.36
953,84,NABADWIP,2,PUNDARIKAKSHYA SAHA,All India Trinamool Congress,86504,683,87187,39.96
954,84,NABADWIP,3,SRUTISEKHAR GOSWAMI,Bharatiya Janata Party,107620,1011,108631,49.79
955,84,NABADWIP,4,SAMIR SAHA,Indian National Congress,1447,17,1464,0.67
956,84,NABADWIP,5,SWARNENDU SINHA,Communist Party of India (Marxist),15473,139,15612,7.16
957,84,NABADWIP,6,BAPPA SK,Aam Janata Unnayan party,348,1,349,0.16
958,84,NABADWIP,7,NANIGOPAL DEBNATH,Independent,224,0,224,0.1
959,84,NABADWIP,8,NITAI RARHI,Independent,428,5,433,0.2
960,84,NABADWIP,9,RAGHUNATH DAS,Independent,1087,2,1089,0.5
961,84,NABADWIP,10,SUBHANKAR HALDAR,Independent,1394,2,1396,0.64
962,84,NABADWIP,11,NOTA,None of the Above,999,17,1016,0.47
963,85,KRISHNANAGAR DAKSHIN,1,ABDUR RAHIM SHAIKH,Indian National Congress,3187,32,3219,1.63
964,85,KRISHNANAGAR DAKSHIN,2,UJJAL BISWAS,All India Trinamool Congress,74332,729,75061,38.09
965,85,KRISHNANAGAR DAKSHIN,3,SADHAN GHOSH,Bharatiya Janata Party,101654,1208,102862,52.19
966,85,KRISHNANAGAR DAKSHIN,4,SUSANTA KR MONDAL,Bahujan Samaj Party,712,5,717,0.36
967,85,KRISHNANAGAR DAKSHIN,5,PRABIR DEY,Socialist Unity Centre Of India (COMMUNIST),248,2,250,0.13
968,85,KRISHNANAGAR DAKSHIN,6,LABANI JANGI,Communist Party of India (Marxist-Leninist) (Liberation),9371,97,9468,4.8
969,85,KRISHNANAGAR DAKSHIN,7,ANANDA MODAK,Independent,225,1,226,0.11
970,85,KRISHNANAGAR DAKSHIN,8,EKRAMUL SEKH,Independent,295,2,297,0.15
971,85,KRISHNANAGAR DAKSHIN,9,KEYA BISWAS,Independent,993,5,998,0.51
972,85,KRISHNANAGAR DAKSHIN,10,BOMKESH GHOSH,Independent,1359,0,1359,0.69
973,85,KRISHNANAGAR DAKSHIN,11,SANJU GHOSH,Independent,1507,1,1508,0.77
974,85,KRISHNANAGAR DAKSHIN,12,NOTA,None of the Above,1097,22,1119,0.57
975,86,SANTIPUR,1,ALOK CHATTERJEE,Indian National Congress,1341,24,1365,0.63
976,86,SANTIPUR,2,PROFULLA KUMAR ROY,Bahujan Samaj Party,558,8,566,0.26
977,86,SANTIPUR,3,BRAJAKISHORE GOSWAMI,All India Trinamool Congress,71854,711,72565,33.76
978,86,SANTIPUR,4,SOUMEN MAHATO,Communist Party of India (Marxist),11387,146,11533,5.36
979,86,SANTIPUR,5,SWAPAN KUMAR DAS,Bharatiya Janata Party,116675,1266,117941,54.86
980,86,SANTIPUR,6,ABU HENA MOSTAFA KAMAL,Aam Janata Unnayan party,609,1,610,0.28
981,86,SANTIPUR,7,ARINDAM BHATTACHARYA,Independent,7178,38,7216,3.36
982,86,SANTIPUR,8,TUHIN INDRA,Independent,622,2,624,0.29
983,86,SANTIPUR,9,SHYAMAL DAS,Independent,984,5,989,0.46
984,86,SANTIPUR,10,SOURAV BISWAS,Independent,632,2,634,0.29
985,86,SANTIPUR,11,NOTA,None of the Above,904,26,930,0.43
986,87,RANAGHAT UTTAR PASCHIM,1,TAPAS KUMAR GHOSH,All India Trinamool Congress,70878,617,71495,32.93
987,87,RANAGHAT UTTAR PASCHIM,2,DEBASISH  CHAKRABORTY(DEBU),Communist Party of India (Marxist),10123,157,10280,4.73
988,87,RANAGHAT UTTAR PASCHIM,3,NABAKUMAR MONDAL,Indian National Congress,1578,32,1610,0.74
989,87,RANAGHAT UTTAR PASCHIM,4,PARTHA SARATHI CHATTERJEE(BABU),Bharatiya Janata Party,127605,1441,129046,59.43
990,87,RANAGHAT UTTAR PASCHIM,5,SANJAY MISTRY,Bahujan Samaj Party,660,5,665,0.31
991,87,RANAGHAT UTTAR PASCHIM,6,APARNA GUHA,Socialist Unity Centre Of India (COMMUNIST),267,2,269,0.12
992,87,RANAGHAT UTTAR PASCHIM,7,GOPAL BISWAS,Independent,404,4,408,0.19
993,87,RANAGHAT UTTAR PASCHIM,8,PRADIP SARKAR,Independent,747,3,750,0.35
994,87,RANAGHAT UTTAR PASCHIM,9,BHABADEB BISWAS,Independent,395,1,396,0.18
995,87,RANAGHAT UTTAR PASCHIM,10,SHUBHANKAR DAS,Independent,371,3,374,0.17
996,87,RANAGHAT UTTAR PASCHIM,11,NOTA,None of the Above,1822,20,1842,0.85
997,88,KRISHNAGANJ,1,ARCHANA BISWAS,Communist Party of India (Marxist),6706,127,6833,2.94
998,88,KRISHNAGANJ,2,DULAL BISWAS,Bahujan Samaj Party,513,10,523,0.22
999,88,KRISHNAGANJ,3,SANKAR SARKAR,Indian National Congress,1066,19,1085,0.47
1000,88,KRISHNAGANJ,4,SAMIR KUMAR PODDAR,All India Trinamool Congress,78123,816,78939,33.96
1001,88,KRISHNAGANJ,5,SUKANTA BISWAS,Bharatiya Janata Party,138007,1831,139838,60.15
1002,88,KRISHNAGANJ,6,ASIT BARAN BISWAS,Socialist Unity Centre Of India (COMMUNIST),560,1,561,0.24
1003,88,KRISHNAGANJ,7,SANTOSH KUMAR ADHIKARY,Guruchand Sena Dal,585,1,586,0.25
1004,88,KRISHNAGANJ,8,ANIMESH BISWAS,Independent,456,2,458,0.2
1005,88,KRISHNAGANJ,9,CHAINA BISWAS BALA,Independent,908,2,910,0.39
1006,88,KRISHNAGANJ,10,MILAN KUMAR MANDAL,Independent,1228,1,1229,0.53
1007,88,KRISHNAGANJ,11,RATHIN BARAI,Independent,212,7,219,0.09
1008,88,KRISHNAGANJ,12,SUBIR BISWAS,Independent,359,4,363,0.16
1009,88,KRISHNAGANJ,13,NOTA,None of the Above,902,21,923,0.4
1010,89,RANAGHAT UTTAR PURBA,1,ASHIM BISWAS,Bharatiya Janata Party,124539,1696,126235,59.71
1011,89,RANAGHAT UTTAR PURBA,2,NITYA GOPAL MONDAL,Indian National Congress,936,26,962,0.46
1012,89,RANAGHAT UTTAR PURBA,3,BARNALI DEY ROY,All India Trinamool Congress,73811,681,74492,35.24
1013,89,RANAGHAT UTTAR PURBA,4,BINDU BISWAS,Bahujan Samaj Party,950,26,976,0.46
1014,89,RANAGHAT UTTAR PURBA,5,MRINAL BISWAS (MINI),Communist Party of India (Marxist),4612,101,4713,2.23
1015,89,RANAGHAT UTTAR PURBA,6,JAGADISH MANDAL (JOGO),Socialist Unity Centre Of India (COMMUNIST),148,2,150,0.07
1016,89,RANAGHAT UTTAR PURBA,7,ASIM BISWAS,Independent,155,4,159,0.08
1017,89,RANAGHAT UTTAR PURBA,8,ASIM BISWAS,Independent,192,0,192,0.09
1018,89,RANAGHAT UTTAR PURBA,9,GOBINDA PODDER,Independent,243,4,247,0.12
1019,89,RANAGHAT UTTAR PURBA,10,BARNALI BISWAS,Independent,1167,0,1167,0.55
1020,89,RANAGHAT UTTAR PURBA,11,MADHAB DAS,Independent,324,0,324,0.15
1021,89,RANAGHAT UTTAR PURBA,12,NOTA,None of the Above,1747,32,1779,0.84
1022,90,RANAGHAT DAKSHIN,1,ARINDAM BISWAS,Communist Party of India (Marxist),10566,148,10714,4.6
1023,90,RANAGHAT DAKSHIN,2,ASHIM KUMAR BISWAS,Bharatiya Janata Party,138655,1355,140010,60.17
1024,90,RANAGHAT DAKSHIN,3,BIRENDRANATH PODDER,Bahujan Samaj Party,1162,19,1181,0.51
1025,90,RANAGHAT DAKSHIN,4,RITA PAUL DAS,Indian National Congress,2046,21,2067,0.89
1026,90,RANAGHAT DAKSHIN,5,SOUGATA KUMAR BURMAN,All India Trinamool Congress,75069,477,75546,32.47
1027,90,RANAGHAT DAKSHIN,6,NANI GOPAL MISTRY,Socialist Unity Centre Of India (COMMUNIST),701,2,703,0.3
1028,90,RANAGHAT DAKSHIN,7,MANMATHA BISWAS,Independent,473,0,473,0.2
1029,90,RANAGHAT DAKSHIN,8,SUBHAM MONDAL,Independent,766,2,768,0.33
1030,90,RANAGHAT DAKSHIN,9,NOTA,None of the Above,1196,27,1223,0.53
1031,91,CHAKDAHA,1,NARAYAN DAS GUPTA,Communist Party of India (Marxist),10881,205,11086,5.26
1032,91,CHAKDAHA,2,BANKIM CHANDRA GHOSH,Bharatiya Janata Party,113946,1487,115433,54.78
1033,91,CHAKDAHA,3,MALAY SAHA,Indian National Congress,1486,18,1504,0.71
1034,91,CHAKDAHA,4,SUBHANKAR SINGHA (JISHU),All India Trinamool Congress,77690,798,78488,37.25
1035,91,CHAKDAHA,5,ARCHANA BHATTACHARJEE,Socialist Unity Centre Of India (COMMUNIST),531,1,532,0.25
1036,91,CHAKDAHA,6,GOPAL CHANDRA SIL,Rashtriya Lok Janshakti Party,288,1,289,0.14
1037,91,CHAKDAHA,7,BIDHAN GHOSH,Bharatiya Nyay-Adhikar Raksha Party,349,1,350,0.17
1038,91,CHAKDAHA,8,UTTAM KUMAR DAS,Independent,946,5,951,0.45
1039,91,CHAKDAHA,9,SHARMA BAPPA,Independent,322,0,322,0.15
1040,91,CHAKDAHA,10,SAUMAJYOTI MUKHERJEE,Independent,652,3,655,0.31
1041,91,CHAKDAHA,11,NOTA,None of the Above,1094,16,1110,0.53
1042,92,KALYANI,1,DR. ATINDRA NATH MONDAL,All India Trinamool Congress,79160,517,79677,36.97
1043,92,KALYANI,2,ANUPAM BISWAS,Bharatiya Janata Party,113368,1101,114469,53.12
1044,92,KALYANI,3,ASIMANANDA MAJUMDER,Indian National Congress,1436,17,1453,0.67
1045,92,KALYANI,4,RAMKRISHNA BARAI,Bahujan Samaj Party,680,12,692,0.32
1046,92,KALYANI,5,SABUJ DAS,Communist Party of India (Marxist),14799,238,15037,6.98
1047,92,KALYANI,6,PRANKRISHNA BISWAS (BABU),Socialist Unity Centre Of India (COMMUNIST),266,1,267,0.12
1048,92,KALYANI,7,ANUPAM BISWAS,Independent,316,4,320,0.15
1049,92,KALYANI,8,PULAK ADHIKARY,Independent,453,7,460,0.21
1050,92,KALYANI,9,BISHWAJIT DAS,Independent,336,2,338,0.16
1051,92,KALYANI,10,SUBRATA DAS,Independent,853,1,854,0.4
1052,92,KALYANI,11,NOTA,None of the Above,1924,15,1939,0.9
1053,93,HARINGHATA,1,ASIM KUMAR SARKAR,Bharatiya Janata Party,106957,943,107900,50.72
1054,93,HARINGHATA,2,BIPLAB BISWAS,Bahujan Samaj Party,700,2,702,0.33
1055,93,HARINGHATA,3,DR. RAJIB BISWAS.,All India Trinamool Congress,85379,466,85845,40.35
1056,93,HARINGHATA,4,SWAPAN KUMAR SARKAR,Communist Party of India (Marxist),12288,82,12370,5.81
1057,93,HARINGHATA,5,HIMANTI DAS,Indian National Congress,1245,14,1259,0.59
1058,93,HARINGHATA,6,AMIT SARKAR,Rashtriya Lok Janshakti Party,173,1,174,0.08
1059,93,HARINGHATA,7,BIPLAB CHANDRA DAS,Socialist Unity Centre Of India (COMMUNIST),225,1,226,0.11
1060,93,HARINGHATA,8,SWAPAN KUMAR ROY,Party for Democratic Socialism,181,2,183,0.09
1061,93,HARINGHATA,9,AMAL SARKAR,Independent,593,0,593,0.28
1062,93,HARINGHATA,10,BIJAY MAJUMDAR,Independent,1463,1,1464,0.69
1063,93,HARINGHATA,11,RUPAM MONDAL,Independent,465,0,465,0.22
1064,93,HARINGHATA,12,NOTA,None of the Above,1556,19,1575,0.74
1065,94,BAGDA,1,KIRTTANIYA PRABIR (BAPI),Indian National Congress,836,11,847,0.39
1066,94,BAGDA,2,GOUTAM MALO,Bahujan Samaj Party,553,12,565,0.26
1067,94,BAGDA,3,GOUR BISWAS,All India Forward Bloc,4637,63,4700,2.16
1068,94,BAGDA,4,MADHUPARNA THAKUR,All India Trinamool Congress,86188,503,86691,39.91
1069,94,BAGDA,5,SOMA THAKUR,Bharatiya Janata Party,120426,881,121307,55.84
1070,94,BAGDA,6,SWAPAN MONDAL,Socialist Unity Centre Of India (COMMUNIST),473,2,475,0.22
1071,94,BAGDA,7,KALIPADA BISWAS,Independent,625,2,627,0.29
1072,94,BAGDA,8,TUSHAR KANTI HALDER,Independent,569,2,571,0.26
1073,94,BAGDA,9,DULAL CHANDRA BAR,Independent,443,8,451,0.21
1074,94,BAGDA,10,MANIK BAGCHI,Independent,267,4,271,0.12
1075,94,BAGDA,11,NOTA,None of the Above,703,15,718,0.33
1076,95,BANGAON UTTAR,1,ASHOK KIRTANIA,Bharatiya Janata Party,117955,1362,119317,56.46
1077,95,BANGAON UTTAR,2,NILANJAN SAHA (BAPI),Indian National Congress,906,20,926,0.44
1078,95,BANGAON UTTAR,3,PIJUSH KANTI SAHA,Communist Party of India (Marxist),8429,125,8554,4.05
1079,95,BANGAON UTTAR,4,BISWAJIT DAS,All India Trinamool Congress,78116,531,78647,37.21
1080,95,BANGAON UTTAR,5,SUBRATA BISWAS,Bahujan Samaj Party,626,2,628,0.3
1081,95,BANGAON UTTAR,6,ANANDA BISWAS,Amra Bangalee,152,1,153,0.07
1082,95,BANGAON UTTAR,7,SHYAMSUNDAR HALDAR,Socialist Unity Centre Of India (COMMUNIST),147,3,150,0.07
1083,95,BANGAON UTTAR,8,ASHOK KUMAR ROY,Independent,140,5,145,0.07
1084,95,BANGAON UTTAR,9,DIPAK HALDAR,Independent,164,1,165,0.08
1085,95,BANGAON UTTAR,10,BISWAJIT DAS,Independent,702,1,703,0.33
1086,95,BANGAON UTTAR,11,SUBHASIS BISWAS,Independent,221,2,223,0.11
1087,95,BANGAON UTTAR,12,SUDHANSU SEKHAR BISWAS,Independent,233,0,233,0.11
1088,95,BANGAON UTTAR,13,NOTA,None of the Above,1468,32,1500,0.71
1089,96,BANGAON DAKSHIN,1,ASISH KUMAR SARKAR,Communist Party of India (Marxist),6116,81,6197,2.92
1090,96,BANGAON DAKSHIN,2,RITUPARNA ADDHYA,All India Trinamool Congress,81150,435,81585,38.45
1091,96,BANGAON DAKSHIN,3,KISOR KUMAR BISWAS,Indian National Congress,816,4,820,0.39
1092,96,BANGAON DAKSHIN,4,SANTOSH KUMAR SIKDAR,Bahujan Samaj Party,657,5,662,0.31
1093,96,BANGAON DAKSHIN,5,SWAPAN MAJUMDER,Bharatiya Janata Party,118372,1027,119399,56.27
1094,96,BANGAON DAKSHIN,6,RABINDRA NATH BARAI,Socialist Unity Centre Of India (COMMUNIST),387,1,388,0.18
1095,96,BANGAON DAKSHIN,7,KALYANI MONDAL,Independent,177,1,178,0.08
1096,96,BANGAON DAKSHIN,8,PABITRA ROY,Independent,662,1,663,0.31
1097,96,BANGAON DAKSHIN,9,BIPLAB TIKADAR,Independent,149,0,149,0.07
1098,96,BANGAON DAKSHIN,10,SHEFALI BAIN,Independent,238,0,238,0.11
1099,96,BANGAON DAKSHIN,11,SWAPAN MAJUMDER,Independent,980,0,980,0.46
1100,96,BANGAON DAKSHIN,12,NOTA,None of the Above,914,18,932,0.44
1101,97,GAIGHATA,1,ANIL KUMAR PANDEY,Indian National Congress,1083,14,1097,0.52
1102,97,GAIGHATA,2,NAROTTAM BISWAS,All India Trinamool Congress,73061,578,73639,35.2
1103,97,GAIGHATA,3,SABYASACHI BISWAS,Bahujan Samaj Party,915,8,923,0.44
1104,97,GAIGHATA,4,SUBRATA THAKUR,Bharatiya Janata Party,120123,1199,121322,57.99
1105,97,GAIGHATA,5,SHIBANI MAJUMDAR,Socialist Unity Centre Of India (COMMUNIST),528,3,531,0.25
1106,97,GAIGHATA,6,SAJAL BISWAS,Communist Party of India,8884,119,9003,4.3
1107,97,GAIGHATA,7,CHANDAN ROY,Independent,166,0,166,0.08
1108,97,GAIGHATA,8,TAPAN BISWAS,Independent,154,1,155,0.07
1109,97,GAIGHATA,9,SHIDDHARTHA SAMADDER,Independent,414,1,415,0.2
1110,97,GAIGHATA,10,SUDHIR MONDAL,Independent,201,2,203,0.1
1111,97,GAIGHATA,11,SUBRATA ADHIKARY,Independent,753,0,753,0.36
1112,97,GAIGHATA,12,NOTA,None of the Above,970,24,994,0.48
1113,98,SWARUPNAGAR,1,TARAK SAHA,Bharatiya Janata Party,78010,786,78796,36.13
1114,98,SWARUPNAGAR,2,BISWAJIT  MONDAL,Communist Party of India (Marxist),38214,195,38409,17.61
1115,98,SWARUPNAGAR,3,BINA MONDAL,All India Trinamool Congress,94147,666,94813,43.47
1116,98,SWARUPNAGAR,4,RITESH MONDAL,Indian National Congress,2362,22,2384,1.09
1117,98,SWARUPNAGAR,5,DEBABRATA BISWAS,Socialist Unity Centre Of India (COMMUNIST),346,1,347,0.16
1118,98,SWARUPNAGAR,6,TARAK CHANDRA SARKAR,Independent,258,3,261,0.12
1119,98,SWARUPNAGAR,7,BIDYUT MONDAL,Independent,1269,2,1271,0.58
1120,98,SWARUPNAGAR,8,BINA MONDAL,Independent,606,3,609,0.28
1121,98,SWARUPNAGAR,9,NOTA,None of the Above,1225,5,1230,0.56
1122,99,BADURIA,1,ABDUR RAHIM QUAZI,Indian National Congress,3612,39,3651,1.61
1123,99,BADURIA,2,GOPAL DAS,Bahujan Samaj Party,557,1,558,0.25
1124,99,BADURIA,3,BURHANUL MUKADDIM (LITON),All India Trinamool Congress,102675,659,103334,45.45
1125,99,BADURIA,4,SUKRITI KUMAR SARKAR,Bharatiya Janata Party,62658,615,63273,27.83
1126,99,BADURIA,5,IBRAHIM MOLLA,Aam Janata Unnayan party,528,2,530,0.23
1127,99,BADURIA,6,MD. KUTUBUDDIN FATEHE,All India Secular Front,49573,127,49700,21.86
1128,99,BADURIA,7,NITAIKRISHNA PAL,Socialist Unity Centre Of India (COMMUNIST),317,4,321,0.14
1129,99,BADURIA,8,SAFIKUL ISLAM DAFADAR,Vikas India Party,256,0,256,0.11
1130,99,BADURIA,9,ABDUL HANNAN SARDAR,Independent,835,0,835,0.37
1131,99,BADURIA,10,ALI ARSHAF,Independent,477,4,481,0.21
1132,99,BADURIA,11,QUTUBUDDIN AHMED,Independent,1175,1,1176,0.52
1133,99,BADURIA,12,BEDORA BIBI,Independent,1210,1,1211,0.53
1134,99,BADURIA,13,SOUPTIK MONDAL,Independent,652,0,652,0.29
1135,99,BADURIA,14,NOTA,None of the Above,1370,17,1387,0.61
1136,100,HABRA,1,RIJINANDAN BISWAS,Communist Party of India (Marxist),15122,115,15237,7.67
1137,100,HABRA,2,KAMALENDU BALA,Bahujan Samaj Party,527,13,540,0.27
1138,100,HABRA,3,JYOTI PRIYA MALLICK,All India Trinamool Congress,72662,521,73183,36.82
1139,100,HABRA,4,DEBDAS MONDAL,Bharatiya Janata Party,103750,895,104645,52.66
1140,100,HABRA,5,PRONOB BHATTACHARYYA,Indian National Congress,1133,12,1145,0.58
1141,100,HABRA,6,ASIK RAJ MONDAL,All India Majlis-E-Ittehadul Muslimeen,303,3,306,0.15
1142,100,HABRA,7,KABIR RANA,Aam Janata Unnayan party,70,1,71,0.04
1143,100,HABRA,8,PROBODH KUMAR SARKAR,Socialist Unity Centre Of India (COMMUNIST),255,6,261,0.13
1144,100,HABRA,9,APU MALLICK,Independent,109,0,109,0.05
1145,100,HABRA,10,DEBDAS MONDAL,Independent,275,7,282,0.14
1146,100,HABRA,11,DEBABRATA DAS,Independent,885,0,885,0.45
1147,100,HABRA,12,SHAFIQUE ALI,Independent,716,0,716,0.36
1148,100,HABRA,13,SARIFUL MOLLA,Independent,369,0,369,0.19
1149,100,HABRA,14,NOTA,None of the Above,967,21,988,0.5
1150,101,ASHOKNAGAR,1,ANGSHUMAN ROY,Indian National Congress,1402,15,1417,0.64
1151,101,ASHOKNAGAR,2,TARAKESWAR HAWLADER,Bahujan Samaj Party,654,4,658,0.3
1152,101,ASHOKNAGAR,3,NARAYAN GOSWAMI,All India Trinamool Congress,86774,625,87399,39.77
1153,101,ASHOKNAGAR,4,DR. SUMAY HIRA,Bharatiya Janata Party,95941,866,96807,44.05
1154,101,ASHOKNAGAR,5,TAPAS BANERJEE,All India Secular Front,29353,140,29493,13.42
1155,101,ASHOKNAGAR,6,TARAK DAS,Socialist Unity Centre Of India (COMMUNIST),624,4,628,0.29
1156,101,ASHOKNAGAR,7,SHIKHA GHOSH,Aam Janata Unnayan party,606,4,610,0.28
1157,101,ASHOKNAGAR,8,TAPAS BANERJEE,Independent,1278,7,1285,0.58
1158,101,ASHOKNAGAR,9,TAPAS SARDAR,Independent,293,6,299,0.14
1159,101,ASHOKNAGAR,10,NOTA,None of the Above,1136,25,1161,0.53
1160,102,AMDANGA,1,ARINDAM DEY,Bharatiya Janata Party,78133,542,78675,36.85
1161,102,AMDANGA,2,MOHAMMAD KASEM SIDDIQUE,All India Trinamool Congress,81318,352,81670,38.25
1162,102,AMDANGA,3,GOPAL GHOSH,Indian National Congress,1142,16,1158,0.54
1163,102,AMDANGA,4,MOUFUL DAS,Bahujan Samaj Party,438,1,439,0.21
1164,102,AMDANGA,5,ABDUL SAMAD GAZI,Bharatiya Nyay-Adhikar Raksha Party,594,2,596,0.28
1165,102,AMDANGA,6,KAMAL UDDIN,Socialist Unity Centre Of India (COMMUNIST),420,3,423,0.2
1166,102,AMDANGA,7,GOLAM MD NIZAMUDDIN,Aam Janata Unnayan party,434,2,436,0.2
1167,102,AMDANGA,8,BISWAJIT MAITY,All India Secular Front,46049,132,46181,21.63
1168,102,AMDANGA,9,HARIPADA BISWAS,Mulnibasi Party of India,389,2,391,0.18
1169,102,AMDANGA,10,ALIM HOSSAIN MONDAL,Independent,315,2,317,0.15
1170,102,AMDANGA,11,ASADUL,Independent,472,1,473,0.22
1171,102,AMDANGA,12,S.MUKTAR AHAMED,Independent,1173,1,1174,0.55
1172,102,AMDANGA,13,NOTA,None of the Above,1560,9,1569,0.73
1173,103,BIJPUR,1,DEBASISH RAKSHIT,Communist Party of India (Marxist),9875,134,10009,6.91
1174,103,BIJPUR,2,SARAT CHANDRA BISWAS,Bahujan Samaj Party,279,8,287,0.2
1175,103,BIJPUR,3,SHIBABRATA GUHAROY,Indian National Congress,849,18,867,0.6
1176,103,BIJPUR,4,SUDIPTA DAS,Bharatiya Janata Party,71130,669,71799,49.56
1177,103,BIJPUR,5,SUBODH ADHIKARY,All India Trinamool Congress,58103,353,58456,40.35
1178,103,BIJPUR,6,MOHIT DUBEY,Aam Janata Unnayan party,299,0,299,0.21
1179,103,BIJPUR,7,SIMA NANDY,Socialist Unity Centre Of India (COMMUNIST),295,4,299,0.21
1180,103,BIJPUR,8,TUNTUN YADAV,Independent,117,0,117,0.08
1181,103,BIJPUR,9,PREM BANSFORE,Independent,171,3,174,0.12
1182,103,BIJPUR,10,PREMCHAND MISHRA,Independent,756,0,756,0.52
1183,103,BIJPUR,11,SAJAL KARMAKAR,Independent,478,4,482,0.33
1184,103,BIJPUR,12,SUDIPTA CHANDA,Independent,355,3,358,0.25
1185,103,BIJPUR,13,SUBROTA ROY,Independent,251,1,252,0.17
1186,103,BIJPUR,14,NOTA,None of the Above,715,16,731,0.5
1187,104,NAIHATI,1,DEBJIT MUKHERJEE,Bahujan Samaj Party,638,11,649,0.41
1188,104,NAIHATI,2,PRADIP KUMAR KUNDU,Indian National Congress,1479,26,1505,0.95
1189,104,NAIHATI,3,SANAT DEY,All India Trinamool Congress,66460,594,67054,42.53
1190,104,NAIHATI,4,SUMITRO CHATTERJEE,Bharatiya Janata Party,76696,788,77484,49.15
1191,104,NAIHATI,5,DEBAJYOTI MAJUMDER,Communist Party of India (Marxist-Leninist) (Liberation),7603,124,7727,4.9
1192,104,NAIHATI,6,SANJOY ROY,Socialist Unity Centre Of India (COMMUNIST),311,2,313,0.2
1193,104,NAIHATI,7,DINESH KUMAR SHARMA,Independent,451,0,451,0.29
1194,104,NAIHATI,8,MAMONI ADHIKARI (BAIDYA),Independent,954,3,957,0.61
1195,104,NAIHATI,9,MILAN PATRA,Independent,337,0,337,0.21
1196,104,NAIHATI,10,NOTA,None of the Above,1157,30,1187,0.75
1197,105,BHATPARA,1,AMIT GUPTA,All India Trinamool Congress,38702,174,38876,36.57
1198,105,BHATPARA,2,ASH NARAYAN SINGH,Communist Party of India (Marxist),2925,44,2969,2.79
1199,105,BHATPARA,3,DHARMENDRA SHAW,Indian National Congress,433,6,439,0.41
1200,105,BHATPARA,4,PAWAN KUMAR SINGH,Bharatiya Janata Party,61277,406,61683,58.02
1201,105,BHATPARA,5,SADANANDA RAJAK,Bahujan Samaj Party,396,1,397,0.37
1202,105,BHATPARA,6,SUJIT BOSE,Socialist Unity Centre Of India (COMMUNIST),245,1,246,0.23
1203,105,BHATPARA,7,ABDULLAH KHAN SAHEB,Independent,444,0,444,0.42
1204,105,BHATPARA,8,GAURAB PRASAD,Independent,121,1,122,0.11
1205,105,BHATPARA,9,PAWAN KUMAR SINGH,Independent,195,4,199,0.19
1206,105,BHATPARA,10,NOTA,None of the Above,930,9,939,0.88
1207,106,JAGATDAL,1,KANIKA PATRA,Bahujan Samaj Party,538,8,546,0.3
1208,106,JAGATDAL,2,PARVEZ AHMAD KHAN,All India Forward Bloc,8932,130,9062,4.95
1209,106,JAGATDAL,3,MANDIRA CHAKRABORTY,Indian National Congress,1218,22,1240,0.68
1210,106,JAGATDAL,4,DR. RAJESH KUMAR,Bharatiya Janata Party,93541,810,94351,51.5
1211,106,JAGATDAL,5,SOMENATH SHYAM ICHINI,All India Trinamool Congress,72958,484,73442,40.09
1212,106,JAGATDAL,6,PRANAB CHOWDHURY,Socialist Unity Centre Of India (COMMUNIST),508,3,511,0.28
1213,106,JAGATDAL,7,SHEO PRASAD TIWARI,Bharatiya Rashtriya Forward Bloc,219,0,219,0.12
1214,106,JAGATDAL,8,PRAMOD SINGH,Independent,158,0,158,0.09
1215,106,JAGATDAL,9,BULA ADHIKARY,Independent,230,1,231,0.13
1216,106,JAGATDAL,10,RAJESH THAKUR,Independent,1042,3,1045,0.57
1217,106,JAGATDAL,11,SHARMISTHA DAS,Independent,700,1,701,0.38
1218,106,JAGATDAL,12,SUVAMAY PAN,Independent,394,10,404,0.22
1219,106,JAGATDAL,13,SOMENATH MITRA,Independent,311,0,311,0.17
1220,106,JAGATDAL,14,NOTA,None of the Above,943,29,972,0.53
1221,107,NOAPARA,1,ARJUN SINGH,Bharatiya Janata Party,93483,932,94415,48.37
1222,107,NOAPARA,2,ASOKE BHATTACHARYA,Indian National Congress,1885,37,1922,0.98
1223,107,NOAPARA,3,GARGI CHATTERJEE,Communist Party of India (Marxist),17394,302,17696,9.07
1224,107,NOAPARA,4,TRINANKUR BHATTACHARJEE,All India Trinamool Congress,76112,647,76759,39.33
1225,107,NOAPARA,5,MINA MAJUMDAR,Bahujan Samaj Party,571,9,580,0.3
1226,107,NOAPARA,6,BIPLOB MITRA,Aam Janata Unnayan party,121,1,122,0.06
1227,107,NOAPARA,7,AMIT KUMAR SHAW,Independent,109,1,110,0.06
1228,107,NOAPARA,8,IZAHARUL HAQUE,Independent,123,0,123,0.06
1229,107,NOAPARA,9,JAYANTA KUMAR BANERJEE,Independent,120,1,121,0.06
1230,107,NOAPARA,10,BANTI RAJAK,Independent,125,0,125,0.06
1231,107,NOAPARA,11,VIKASH KUMAR RAM,Independent,118,0,118,0.06
1232,107,NOAPARA,12,BISHAL KUMAR MANDAL,Independent,258,2,260,0.13
1233,107,NOAPARA,13,MAQSUD HASAN,Independent,874,1,875,0.45
1234,107,NOAPARA,14,SUPRIYO DEY,Independent,358,0,358,0.18
1235,107,NOAPARA,15,HRIDAY KANT PATHAK,Independent,221,0,221,0.11
1236,107,NOAPARA,16,NOTA,None of the Above,1351,21,1372,0.7
1237,108,BARRACKPUR,1,KAUSTUV BAGCHI,Bharatiya Janata Party,77559,907,78466,50.65
1238,108,BARRACKPUR,2,RAJ CHAKRABORTY (RAJU),All India Trinamool Congress,62093,551,62644,40.44
1239,108,BARRACKPUR,3,SAMBHU DAS,Indian National Congress,1166,36,1202,0.78
1240,108,BARRACKPUR,4,SUMAN RANJAN BANDYOPADHYAY,Communist Party of India (Marxist),10011,186,10197,6.58
1241,108,BARRACKPUR,5,AMAL KUMAR SEN,Socialist Unity Centre Of India (COMMUNIST),149,3,152,0.1
1242,108,BARRACKPUR,6,ZAKIR HUSSAIN,Aam Janata Unnayan party,125,0,125,0.08
1243,108,BARRACKPUR,7,RAJDEEP ROY,Independent,139,0,139,0.09
1244,108,BARRACKPUR,8,SAMIR KUNDU,Independent,221,3,224,0.14
1245,108,BARRACKPUR,9,SAROJ SHARMA,Independent,572,0,572,0.37
1246,108,BARRACKPUR,10,NOTA,None of the Above,1165,32,1197,0.77
1247,109,KHARDAHA,1,KALYAN CHAKRABORTI,Bharatiya Janata Party,97053,699,97752,49.75
1248,109,KHARDAHA,2,JAYDEB GHOSH,Indian National Congress,1536,23,1559,0.79
1249,109,KHARDAHA,3,TAPAS BAR,Bahujan Samaj Party,480,8,488,0.25
1250,109,KHARDAHA,4,DEBAJYOTI DAS (SUBHO),Communist Party of India (Marxist),19666,152,19818,10.09
